run_accession	fastq_ftp
ERR2930756	ftp.sra.ebi.ac.uk/vol1/fastq/ERR293/006/ERR2930756/ERR2930756_1.fastq.gz;ftp.sra.ebi.ac.uk/vol1/fastq/ERR293/006/ERR2930756/ERR2930756_2.fastq.gz
ERR2930758	ftp.sra.ebi.ac.uk/vol1/fastq/ERR293/008/ERR2930758/ERR2930758_1.fastq.gz;ftp.sra.ebi.ac.uk/vol1/fastq/ERR293/008/ERR2930758/ERR2930758_2.fastq.gz
ERR2930759	ftp.sra.ebi.ac.uk/vol1/fastq/ERR293/009/ERR2930759/ERR2930759_1.fastq.gz;ftp.sra.ebi.ac.uk/vol1/fastq/ERR293/009/ERR2930759/ERR2930759_2.fastq.gz
ERR2930760	ftp.sra.ebi.ac.uk/vol1/fastq/ERR293/000/ERR2930760/ERR2930760_1.fastq.gz;ftp.sra.ebi.ac.uk/vol1/fastq/ERR293/000/ERR2930760/ERR2930760_2.fastq.gz
ERR2930763	ftp.sra.ebi.ac.uk/vol1/fastq/ERR293/003/ERR2930763/ERR2930763_1.fastq.gz;ftp.sra.ebi.ac.uk/vol1/fastq/ERR293/003/ERR2930763/ERR2930763_2.fastq.gz
ERR2930764	ftp.sra.ebi.ac.uk/vol1/fastq/ERR293/004/ERR2930764/ERR2930764_1.fastq.gz;ftp.sra.ebi.ac.uk/vol1/fastq/ERR293/004/ERR2930764/ERR2930764_2.fastq.gz
ERR2930765	ftp.sra.ebi.ac.uk/vol1/fastq/ERR293/005/ERR2930765/ERR2930765_1.fastq.gz;ftp.sra.ebi.ac.uk/vol1/fastq/ERR293/005/ERR2930765/ERR2930765_2.fastq.gz
ERR2930768	ftp.sra.ebi.ac.uk/vol1/fastq/ERR293/008/ERR2930768/ERR2930768_1.fastq.gz;ftp.sra.ebi.ac.uk/vol1/fastq/ERR293/008/ERR2930768/ERR2930768_2.fastq.gz
ERR2930771	ftp.sra.ebi.ac.uk/vol1/fastq/ERR293/001/ERR2930771/ERR2930771_1.fastq.gz;ftp.sra.ebi.ac.uk/vol1/fastq/ERR293/001/ERR2930771/ERR2930771_2.fastq.gz
ERR2930776	ftp.sra.ebi.ac.uk/vol1/fastq/ERR293/006/ERR2930776/ERR2930776_1.fastq.gz;ftp.sra.ebi.ac.uk/vol1/fastq/ERR293/006/ERR2930776/ERR2930776_2.fastq.gz
ERR2930780	ftp.sra.ebi.ac.uk/vol1/fastq/ERR293/000/ERR2930780/ERR2930780_1.fastq.gz;ftp.sra.ebi.ac.uk/vol1/fastq/ERR293/000/ERR2930780/ERR2930780_2.fastq.gz
ERR2930781	ftp.sra.ebi.ac.uk/vol1/fastq/ERR293/001/ERR2930781/ERR2930781_1.fastq.gz;ftp.sra.ebi.ac.uk/vol1/fastq/ERR293/001/ERR2930781/ERR2930781_2.fastq.gz
ERR2930782	ftp.sra.ebi.ac.uk/vol1/fastq/ERR293/002/ERR2930782/ERR2930782_1.fastq.gz;ftp.sra.ebi.ac.uk/vol1/fastq/ERR293/002/ERR2930782/ERR2930782_2.fastq.gz
ERR2930785	ftp.sra.ebi.ac.uk/vol1/fastq/ERR293/005/ERR2930785/ERR2930785_1.fastq.gz;ftp.sra.ebi.ac.uk/vol1/fastq/ERR293/005/ERR2930785/ERR2930785_2.fastq.gz
ERR2930787	ftp.sra.ebi.ac.uk/vol1/fastq/ERR293/007/ERR2930787/ERR2930787_1.fastq.gz;ftp.sra.ebi.ac.uk/vol1/fastq/ERR293/007/ERR2930787/ERR2930787_2.fastq.gz
ERR2930791	ftp.sra.ebi.ac.uk/vol1/fastq/ERR293/001/ERR2930791/ERR2930791_1.fastq.gz;ftp.sra.ebi.ac.uk/vol1/fastq/ERR293/001/ERR2930791/ERR2930791_2.fastq.gz
ERR2930806	ftp.sra.ebi.ac.uk/vol1/fastq/ERR293/006/ERR2930806/ERR2930806_1.fastq.gz;ftp.sra.ebi.ac.uk/vol1/fastq/ERR293/006/ERR2930806/ERR2930806_2.fastq.gz
ERR2930809	ftp.sra.ebi.ac.uk/vol1/fastq/ERR293/009/ERR2930809/ERR2930809_1.fastq.gz;ftp.sra.ebi.ac.uk/vol1/fastq/ERR293/009/ERR2930809/ERR2930809_2.fastq.gz
ERR2930812	ftp.sra.ebi.ac.uk/vol1/fastq/ERR293/002/ERR2930812/ERR2930812_1.fastq.gz;ftp.sra.ebi.ac.uk/vol1/fastq/ERR293/002/ERR2930812/ERR2930812_2.fastq.gz
ERR2930817	ftp.sra.ebi.ac.uk/vol1/fastq/ERR293/007/ERR2930817/ERR2930817_1.fastq.gz;ftp.sra.ebi.ac.uk/vol1/fastq/ERR293/007/ERR2930817/ERR2930817_2.fastq.gz
ERR2930820	ftp.sra.ebi.ac.uk/vol1/fastq/ERR293/000/ERR2930820/ERR2930820_1.fastq.gz;ftp.sra.ebi.ac.uk/vol1/fastq/ERR293/000/ERR2930820/ERR2930820_2.fastq.gz
ERR2930821	ftp.sra.ebi.ac.uk/vol1/fastq/ERR293/001/ERR2930821/ERR2930821_1.fastq.gz;ftp.sra.ebi.ac.uk/vol1/fastq/ERR293/001/ERR2930821/ERR2930821_2.fastq.gz
ERR2930822	ftp.sra.ebi.ac.uk/vol1/fastq/ERR293/002/ERR2930822/ERR2930822_1.fastq.gz;ftp.sra.ebi.ac.uk/vol1/fastq/ERR293/002/ERR2930822/ERR2930822_2.fastq.gz
ERR2930827	ftp.sra.ebi.ac.uk/vol1/fastq/ERR293/007/ERR2930827/ERR2930827_1.fastq.gz;ftp.sra.ebi.ac.uk/vol1/fastq/ERR293/007/ERR2930827/ERR2930827_2.fastq.gz
ERR2930828	ftp.sra.ebi.ac.uk/vol1/fastq/ERR293/008/ERR2930828/ERR2930828_1.fastq.gz;ftp.sra.ebi.ac.uk/vol1/fastq/ERR293/008/ERR2930828/ERR2930828_2.fastq.gz
ERR2930830	ftp.sra.ebi.ac.uk/vol1/fastq/ERR293/000/ERR2930830/ERR2930830_1.fastq.gz;ftp.sra.ebi.ac.uk/vol1/fastq/ERR293/000/ERR2930830/ERR2930830_2.fastq.gz
ERR2930833	ftp.sra.ebi.ac.uk/vol1/fastq/ERR293/003/ERR2930833/ERR2930833_1.fastq.gz;ftp.sra.ebi.ac.uk/vol1/fastq/ERR293/003/ERR2930833/ERR2930833_2.fastq.gz
ERR2930836	ftp.sra.ebi.ac.uk/vol1/fastq/ERR293/006/ERR2930836/ERR2930836_1.fastq.gz;ftp.sra.ebi.ac.uk/vol1/fastq/ERR293/006/ERR2930836/ERR2930836_2.fastq.gz
ERR2930838	ftp.sra.ebi.ac.uk/vol1/fastq/ERR293/008/ERR2930838/ERR2930838_1.fastq.gz;ftp.sra.ebi.ac.uk/vol1/fastq/ERR293/008/ERR2930838/ERR2930838_2.fastq.gz
ERR2930842	ftp.sra.ebi.ac.uk/vol1/fastq/ERR293/002/ERR2930842/ERR2930842_1.fastq.gz;ftp.sra.ebi.ac.uk/vol1/fastq/ERR293/002/ERR2930842/ERR2930842_2.fastq.gz
ERR2930845	ftp.sra.ebi.ac.uk/vol1/fastq/ERR293/005/ERR2930845/ERR2930845_1.fastq.gz;ftp.sra.ebi.ac.uk/vol1/fastq/ERR293/005/ERR2930845/ERR2930845_2.fastq.gz
ERR2930848	ftp.sra.ebi.ac.uk/vol1/fastq/ERR293/008/ERR2930848/ERR2930848_1.fastq.gz;ftp.sra.ebi.ac.uk/vol1/fastq/ERR293/008/ERR2930848/ERR2930848_2.fastq.gz
ERR2930850	ftp.sra.ebi.ac.uk/vol1/fastq/ERR293/000/ERR2930850/ERR2930850_1.fastq.gz;ftp.sra.ebi.ac.uk/vol1/fastq/ERR293/000/ERR2930850/ERR2930850_2.fastq.gz
ERR2930854	ftp.sra.ebi.ac.uk/vol1/fastq/ERR293/004/ERR2930854/ERR2930854_1.fastq.gz;ftp.sra.ebi.ac.uk/vol1/fastq/ERR293/004/ERR2930854/ERR2930854_2.fastq.gz
ERR2930857	ftp.sra.ebi.ac.uk/vol1/fastq/ERR293/007/ERR2930857/ERR2930857_1.fastq.gz;ftp.sra.ebi.ac.uk/vol1/fastq/ERR293/007/ERR2930857/ERR2930857_2.fastq.gz
ERR2930860	ftp.sra.ebi.ac.uk/vol1/fastq/ERR293/000/ERR2930860/ERR2930860_1.fastq.gz;ftp.sra.ebi.ac.uk/vol1/fastq/ERR293/000/ERR2930860/ERR2930860_2.fastq.gz
ERR2930875	ftp.sra.ebi.ac.uk/vol1/fastq/ERR293/005/ERR2930875/ERR2930875_1.fastq.gz;ftp.sra.ebi.ac.uk/vol1/fastq/ERR293/005/ERR2930875/ERR2930875_2.fastq.gz
ERR2930876	ftp.sra.ebi.ac.uk/vol1/fastq/ERR293/006/ERR2930876/ERR2930876_1.fastq.gz;ftp.sra.ebi.ac.uk/vol1/fastq/ERR293/006/ERR2930876/ERR2930876_2.fastq.gz
ERR2930878	ftp.sra.ebi.ac.uk/vol1/fastq/ERR293/008/ERR2930878/ERR2930878_1.fastq.gz;ftp.sra.ebi.ac.uk/vol1/fastq/ERR293/008/ERR2930878/ERR2930878_2.fastq.gz
ERR2930880	ftp.sra.ebi.ac.uk/vol1/fastq/ERR293/000/ERR2930880/ERR2930880_1.fastq.gz;ftp.sra.ebi.ac.uk/vol1/fastq/ERR293/000/ERR2930880/ERR2930880_2.fastq.gz
ERR2930755	ftp.sra.ebi.ac.uk/vol1/fastq/ERR293/005/ERR2930755/ERR2930755_1.fastq.gz;ftp.sra.ebi.ac.uk/vol1/fastq/ERR293/005/ERR2930755/ERR2930755_2.fastq.gz
ERR2930762	ftp.sra.ebi.ac.uk/vol1/fastq/ERR293/002/ERR2930762/ERR2930762_1.fastq.gz;ftp.sra.ebi.ac.uk/vol1/fastq/ERR293/002/ERR2930762/ERR2930762_2.fastq.gz
ERR2930766	ftp.sra.ebi.ac.uk/vol1/fastq/ERR293/006/ERR2930766/ERR2930766_1.fastq.gz;ftp.sra.ebi.ac.uk/vol1/fastq/ERR293/006/ERR2930766/ERR2930766_2.fastq.gz
ERR2930767	ftp.sra.ebi.ac.uk/vol1/fastq/ERR293/007/ERR2930767/ERR2930767_1.fastq.gz;ftp.sra.ebi.ac.uk/vol1/fastq/ERR293/007/ERR2930767/ERR2930767_2.fastq.gz
ERR2930770	ftp.sra.ebi.ac.uk/vol1/fastq/ERR293/000/ERR2930770/ERR2930770_1.fastq.gz;ftp.sra.ebi.ac.uk/vol1/fastq/ERR293/000/ERR2930770/ERR2930770_2.fastq.gz
ERR2930775	ftp.sra.ebi.ac.uk/vol1/fastq/ERR293/005/ERR2930775/ERR2930775_1.fastq.gz;ftp.sra.ebi.ac.uk/vol1/fastq/ERR293/005/ERR2930775/ERR2930775_2.fastq.gz
ERR2930784	ftp.sra.ebi.ac.uk/vol1/fastq/ERR293/004/ERR2930784/ERR2930784_1.fastq.gz;ftp.sra.ebi.ac.uk/vol1/fastq/ERR293/004/ERR2930784/ERR2930784_2.fastq.gz
ERR2930788	ftp.sra.ebi.ac.uk/vol1/fastq/ERR293/008/ERR2930788/ERR2930788_1.fastq.gz;ftp.sra.ebi.ac.uk/vol1/fastq/ERR293/008/ERR2930788/ERR2930788_2.fastq.gz
ERR2930789	ftp.sra.ebi.ac.uk/vol1/fastq/ERR293/009/ERR2930789/ERR2930789_1.fastq.gz;ftp.sra.ebi.ac.uk/vol1/fastq/ERR293/009/ERR2930789/ERR2930789_2.fastq.gz
ERR2930790	ftp.sra.ebi.ac.uk/vol1/fastq/ERR293/000/ERR2930790/ERR2930790_1.fastq.gz;ftp.sra.ebi.ac.uk/vol1/fastq/ERR293/000/ERR2930790/ERR2930790_2.fastq.gz
ERR2930792	ftp.sra.ebi.ac.uk/vol1/fastq/ERR293/002/ERR2930792/ERR2930792_1.fastq.gz;ftp.sra.ebi.ac.uk/vol1/fastq/ERR293/002/ERR2930792/ERR2930792_2.fastq.gz
ERR2930794	ftp.sra.ebi.ac.uk/vol1/fastq/ERR293/004/ERR2930794/ERR2930794_1.fastq.gz;ftp.sra.ebi.ac.uk/vol1/fastq/ERR293/004/ERR2930794/ERR2930794_2.fastq.gz
ERR2930799	ftp.sra.ebi.ac.uk/vol1/fastq/ERR293/009/ERR2930799/ERR2930799_1.fastq.gz;ftp.sra.ebi.ac.uk/vol1/fastq/ERR293/009/ERR2930799/ERR2930799_2.fastq.gz
ERR2930802	ftp.sra.ebi.ac.uk/vol1/fastq/ERR293/002/ERR2930802/ERR2930802_1.fastq.gz;ftp.sra.ebi.ac.uk/vol1/fastq/ERR293/002/ERR2930802/ERR2930802_2.fastq.gz
ERR2930803	ftp.sra.ebi.ac.uk/vol1/fastq/ERR293/003/ERR2930803/ERR2930803_1.fastq.gz;ftp.sra.ebi.ac.uk/vol1/fastq/ERR293/003/ERR2930803/ERR2930803_2.fastq.gz
ERR2930805	ftp.sra.ebi.ac.uk/vol1/fastq/ERR293/005/ERR2930805/ERR2930805_1.fastq.gz;ftp.sra.ebi.ac.uk/vol1/fastq/ERR293/005/ERR2930805/ERR2930805_2.fastq.gz
ERR2930813	ftp.sra.ebi.ac.uk/vol1/fastq/ERR293/003/ERR2930813/ERR2930813_1.fastq.gz;ftp.sra.ebi.ac.uk/vol1/fastq/ERR293/003/ERR2930813/ERR2930813_2.fastq.gz
ERR2930814	ftp.sra.ebi.ac.uk/vol1/fastq/ERR293/004/ERR2930814/ERR2930814_1.fastq.gz;ftp.sra.ebi.ac.uk/vol1/fastq/ERR293/004/ERR2930814/ERR2930814_2.fastq.gz
ERR2930815	ftp.sra.ebi.ac.uk/vol1/fastq/ERR293/005/ERR2930815/ERR2930815_1.fastq.gz;ftp.sra.ebi.ac.uk/vol1/fastq/ERR293/005/ERR2930815/ERR2930815_2.fastq.gz
ERR2930816	ftp.sra.ebi.ac.uk/vol1/fastq/ERR293/006/ERR2930816/ERR2930816_1.fastq.gz;ftp.sra.ebi.ac.uk/vol1/fastq/ERR293/006/ERR2930816/ERR2930816_2.fastq.gz
ERR2930818	ftp.sra.ebi.ac.uk/vol1/fastq/ERR293/008/ERR2930818/ERR2930818_1.fastq.gz;ftp.sra.ebi.ac.uk/vol1/fastq/ERR293/008/ERR2930818/ERR2930818_2.fastq.gz
ERR2930819	ftp.sra.ebi.ac.uk/vol1/fastq/ERR293/009/ERR2930819/ERR2930819_1.fastq.gz;ftp.sra.ebi.ac.uk/vol1/fastq/ERR293/009/ERR2930819/ERR2930819_2.fastq.gz
ERR2930823	ftp.sra.ebi.ac.uk/vol1/fastq/ERR293/003/ERR2930823/ERR2930823_1.fastq.gz;ftp.sra.ebi.ac.uk/vol1/fastq/ERR293/003/ERR2930823/ERR2930823_2.fastq.gz
ERR2930825	ftp.sra.ebi.ac.uk/vol1/fastq/ERR293/005/ERR2930825/ERR2930825_1.fastq.gz;ftp.sra.ebi.ac.uk/vol1/fastq/ERR293/005/ERR2930825/ERR2930825_2.fastq.gz
ERR2930835	ftp.sra.ebi.ac.uk/vol1/fastq/ERR293/005/ERR2930835/ERR2930835_1.fastq.gz;ftp.sra.ebi.ac.uk/vol1/fastq/ERR293/005/ERR2930835/ERR2930835_2.fastq.gz
ERR2930839	ftp.sra.ebi.ac.uk/vol1/fastq/ERR293/009/ERR2930839/ERR2930839_1.fastq.gz;ftp.sra.ebi.ac.uk/vol1/fastq/ERR293/009/ERR2930839/ERR2930839_2.fastq.gz
ERR2930841	ftp.sra.ebi.ac.uk/vol1/fastq/ERR293/001/ERR2930841/ERR2930841_1.fastq.gz;ftp.sra.ebi.ac.uk/vol1/fastq/ERR293/001/ERR2930841/ERR2930841_2.fastq.gz
ERR2930843	ftp.sra.ebi.ac.uk/vol1/fastq/ERR293/003/ERR2930843/ERR2930843_1.fastq.gz;ftp.sra.ebi.ac.uk/vol1/fastq/ERR293/003/ERR2930843/ERR2930843_2.fastq.gz
ERR2930844	ftp.sra.ebi.ac.uk/vol1/fastq/ERR293/004/ERR2930844/ERR2930844_1.fastq.gz;ftp.sra.ebi.ac.uk/vol1/fastq/ERR293/004/ERR2930844/ERR2930844_2.fastq.gz
ERR2930846	ftp.sra.ebi.ac.uk/vol1/fastq/ERR293/006/ERR2930846/ERR2930846_1.fastq.gz;ftp.sra.ebi.ac.uk/vol1/fastq/ERR293/006/ERR2930846/ERR2930846_2.fastq.gz
ERR2930847	ftp.sra.ebi.ac.uk/vol1/fastq/ERR293/007/ERR2930847/ERR2930847_1.fastq.gz;ftp.sra.ebi.ac.uk/vol1/fastq/ERR293/007/ERR2930847/ERR2930847_2.fastq.gz
ERR2930851	ftp.sra.ebi.ac.uk/vol1/fastq/ERR293/001/ERR2930851/ERR2930851_1.fastq.gz;ftp.sra.ebi.ac.uk/vol1/fastq/ERR293/001/ERR2930851/ERR2930851_2.fastq.gz
ERR2930853	ftp.sra.ebi.ac.uk/vol1/fastq/ERR293/003/ERR2930853/ERR2930853_1.fastq.gz;ftp.sra.ebi.ac.uk/vol1/fastq/ERR293/003/ERR2930853/ERR2930853_2.fastq.gz
ERR2930855	ftp.sra.ebi.ac.uk/vol1/fastq/ERR293/005/ERR2930855/ERR2930855_1.fastq.gz;ftp.sra.ebi.ac.uk/vol1/fastq/ERR293/005/ERR2930855/ERR2930855_2.fastq.gz
ERR2930856	ftp.sra.ebi.ac.uk/vol1/fastq/ERR293/006/ERR2930856/ERR2930856_1.fastq.gz;ftp.sra.ebi.ac.uk/vol1/fastq/ERR293/006/ERR2930856/ERR2930856_2.fastq.gz
ERR2930858	ftp.sra.ebi.ac.uk/vol1/fastq/ERR293/008/ERR2930858/ERR2930858_1.fastq.gz;ftp.sra.ebi.ac.uk/vol1/fastq/ERR293/008/ERR2930858/ERR2930858_2.fastq.gz
ERR2930859	ftp.sra.ebi.ac.uk/vol1/fastq/ERR293/009/ERR2930859/ERR2930859_1.fastq.gz;ftp.sra.ebi.ac.uk/vol1/fastq/ERR293/009/ERR2930859/ERR2930859_2.fastq.gz
ERR2930861	ftp.sra.ebi.ac.uk/vol1/fastq/ERR293/001/ERR2930861/ERR2930861_1.fastq.gz;ftp.sra.ebi.ac.uk/vol1/fastq/ERR293/001/ERR2930861/ERR2930861_2.fastq.gz
ERR2930865	ftp.sra.ebi.ac.uk/vol1/fastq/ERR293/005/ERR2930865/ERR2930865_1.fastq.gz;ftp.sra.ebi.ac.uk/vol1/fastq/ERR293/005/ERR2930865/ERR2930865_2.fastq.gz
ERR2930866	ftp.sra.ebi.ac.uk/vol1/fastq/ERR293/006/ERR2930866/ERR2930866_1.fastq.gz;ftp.sra.ebi.ac.uk/vol1/fastq/ERR293/006/ERR2930866/ERR2930866_2.fastq.gz
ERR2930867	ftp.sra.ebi.ac.uk/vol1/fastq/ERR293/007/ERR2930867/ERR2930867_1.fastq.gz;ftp.sra.ebi.ac.uk/vol1/fastq/ERR293/007/ERR2930867/ERR2930867_2.fastq.gz
ERR2930868	ftp.sra.ebi.ac.uk/vol1/fastq/ERR293/008/ERR2930868/ERR2930868_1.fastq.gz;ftp.sra.ebi.ac.uk/vol1/fastq/ERR293/008/ERR2930868/ERR2930868_2.fastq.gz
ERR2930869	ftp.sra.ebi.ac.uk/vol1/fastq/ERR293/009/ERR2930869/ERR2930869_1.fastq.gz;ftp.sra.ebi.ac.uk/vol1/fastq/ERR293/009/ERR2930869/ERR2930869_2.fastq.gz
ERR2930870	ftp.sra.ebi.ac.uk/vol1/fastq/ERR293/000/ERR2930870/ERR2930870_1.fastq.gz;ftp.sra.ebi.ac.uk/vol1/fastq/ERR293/000/ERR2930870/ERR2930870_2.fastq.gz
ERR2930871	ftp.sra.ebi.ac.uk/vol1/fastq/ERR293/001/ERR2930871/ERR2930871_1.fastq.gz;ftp.sra.ebi.ac.uk/vol1/fastq/ERR293/001/ERR2930871/ERR2930871_2.fastq.gz
ERR2930872	ftp.sra.ebi.ac.uk/vol1/fastq/ERR293/002/ERR2930872/ERR2930872_1.fastq.gz;ftp.sra.ebi.ac.uk/vol1/fastq/ERR293/002/ERR2930872/ERR2930872_2.fastq.gz
ERR2930874	ftp.sra.ebi.ac.uk/vol1/fastq/ERR293/004/ERR2930874/ERR2930874_1.fastq.gz;ftp.sra.ebi.ac.uk/vol1/fastq/ERR293/004/ERR2930874/ERR2930874_2.fastq.gz
ERR2930879	ftp.sra.ebi.ac.uk/vol1/fastq/ERR293/009/ERR2930879/ERR2930879_1.fastq.gz;ftp.sra.ebi.ac.uk/vol1/fastq/ERR293/009/ERR2930879/ERR2930879_2.fastq.gz
ERR2930754	ftp.sra.ebi.ac.uk/vol1/fastq/ERR293/004/ERR2930754/ERR2930754_1.fastq.gz;ftp.sra.ebi.ac.uk/vol1/fastq/ERR293/004/ERR2930754/ERR2930754_2.fastq.gz
ERR2930757	ftp.sra.ebi.ac.uk/vol1/fastq/ERR293/007/ERR2930757/ERR2930757_1.fastq.gz;ftp.sra.ebi.ac.uk/vol1/fastq/ERR293/007/ERR2930757/ERR2930757_2.fastq.gz
ERR2930761	ftp.sra.ebi.ac.uk/vol1/fastq/ERR293/001/ERR2930761/ERR2930761_1.fastq.gz;ftp.sra.ebi.ac.uk/vol1/fastq/ERR293/001/ERR2930761/ERR2930761_2.fastq.gz
ERR2930769	ftp.sra.ebi.ac.uk/vol1/fastq/ERR293/009/ERR2930769/ERR2930769_1.fastq.gz;ftp.sra.ebi.ac.uk/vol1/fastq/ERR293/009/ERR2930769/ERR2930769_2.fastq.gz
ERR2930772	ftp.sra.ebi.ac.uk/vol1/fastq/ERR293/002/ERR2930772/ERR2930772_1.fastq.gz;ftp.sra.ebi.ac.uk/vol1/fastq/ERR293/002/ERR2930772/ERR2930772_2.fastq.gz
ERR2930773	ftp.sra.ebi.ac.uk/vol1/fastq/ERR293/003/ERR2930773/ERR2930773_1.fastq.gz;ftp.sra.ebi.ac.uk/vol1/fastq/ERR293/003/ERR2930773/ERR2930773_2.fastq.gz
ERR2930774	ftp.sra.ebi.ac.uk/vol1/fastq/ERR293/004/ERR2930774/ERR2930774_1.fastq.gz;ftp.sra.ebi.ac.uk/vol1/fastq/ERR293/004/ERR2930774/ERR2930774_2.fastq.gz
ERR2930777	ftp.sra.ebi.ac.uk/vol1/fastq/ERR293/007/ERR2930777/ERR2930777_1.fastq.gz;ftp.sra.ebi.ac.uk/vol1/fastq/ERR293/007/ERR2930777/ERR2930777_2.fastq.gz
ERR2930778	ftp.sra.ebi.ac.uk/vol1/fastq/ERR293/008/ERR2930778/ERR2930778_1.fastq.gz;ftp.sra.ebi.ac.uk/vol1/fastq/ERR293/008/ERR2930778/ERR2930778_2.fastq.gz
ERR2930779	ftp.sra.ebi.ac.uk/vol1/fastq/ERR293/009/ERR2930779/ERR2930779_1.fastq.gz;ftp.sra.ebi.ac.uk/vol1/fastq/ERR293/009/ERR2930779/ERR2930779_2.fastq.gz
ERR2930783	ftp.sra.ebi.ac.uk/vol1/fastq/ERR293/003/ERR2930783/ERR2930783_1.fastq.gz;ftp.sra.ebi.ac.uk/vol1/fastq/ERR293/003/ERR2930783/ERR2930783_2.fastq.gz
ERR2930786	ftp.sra.ebi.ac.uk/vol1/fastq/ERR293/006/ERR2930786/ERR2930786_1.fastq.gz;ftp.sra.ebi.ac.uk/vol1/fastq/ERR293/006/ERR2930786/ERR2930786_2.fastq.gz
ERR2930793	ftp.sra.ebi.ac.uk/vol1/fastq/ERR293/003/ERR2930793/ERR2930793_1.fastq.gz;ftp.sra.ebi.ac.uk/vol1/fastq/ERR293/003/ERR2930793/ERR2930793_2.fastq.gz
ERR2930795	ftp.sra.ebi.ac.uk/vol1/fastq/ERR293/005/ERR2930795/ERR2930795_1.fastq.gz;ftp.sra.ebi.ac.uk/vol1/fastq/ERR293/005/ERR2930795/ERR2930795_2.fastq.gz
ERR2930796	ftp.sra.ebi.ac.uk/vol1/fastq/ERR293/006/ERR2930796/ERR2930796_1.fastq.gz;ftp.sra.ebi.ac.uk/vol1/fastq/ERR293/006/ERR2930796/ERR2930796_2.fastq.gz
ERR2930797	ftp.sra.ebi.ac.uk/vol1/fastq/ERR293/007/ERR2930797/ERR2930797_1.fastq.gz;ftp.sra.ebi.ac.uk/vol1/fastq/ERR293/007/ERR2930797/ERR2930797_2.fastq.gz
ERR2930798	ftp.sra.ebi.ac.uk/vol1/fastq/ERR293/008/ERR2930798/ERR2930798_1.fastq.gz;ftp.sra.ebi.ac.uk/vol1/fastq/ERR293/008/ERR2930798/ERR2930798_2.fastq.gz
ERR2930800	ftp.sra.ebi.ac.uk/vol1/fastq/ERR293/000/ERR2930800/ERR2930800_1.fastq.gz;ftp.sra.ebi.ac.uk/vol1/fastq/ERR293/000/ERR2930800/ERR2930800_2.fastq.gz
ERR2930801	ftp.sra.ebi.ac.uk/vol1/fastq/ERR293/001/ERR2930801/ERR2930801_1.fastq.gz;ftp.sra.ebi.ac.uk/vol1/fastq/ERR293/001/ERR2930801/ERR2930801_2.fastq.gz
ERR2930804	ftp.sra.ebi.ac.uk/vol1/fastq/ERR293/004/ERR2930804/ERR2930804_1.fastq.gz;ftp.sra.ebi.ac.uk/vol1/fastq/ERR293/004/ERR2930804/ERR2930804_2.fastq.gz
ERR2930807	ftp.sra.ebi.ac.uk/vol1/fastq/ERR293/007/ERR2930807/ERR2930807_1.fastq.gz;ftp.sra.ebi.ac.uk/vol1/fastq/ERR293/007/ERR2930807/ERR2930807_2.fastq.gz
ERR2930808	ftp.sra.ebi.ac.uk/vol1/fastq/ERR293/008/ERR2930808/ERR2930808_1.fastq.gz;ftp.sra.ebi.ac.uk/vol1/fastq/ERR293/008/ERR2930808/ERR2930808_2.fastq.gz
ERR2930810	ftp.sra.ebi.ac.uk/vol1/fastq/ERR293/000/ERR2930810/ERR2930810_1.fastq.gz;ftp.sra.ebi.ac.uk/vol1/fastq/ERR293/000/ERR2930810/ERR2930810_2.fastq.gz
ERR2930811	ftp.sra.ebi.ac.uk/vol1/fastq/ERR293/001/ERR2930811/ERR2930811_1.fastq.gz;ftp.sra.ebi.ac.uk/vol1/fastq/ERR293/001/ERR2930811/ERR2930811_2.fastq.gz
ERR2930824	ftp.sra.ebi.ac.uk/vol1/fastq/ERR293/004/ERR2930824/ERR2930824_1.fastq.gz;ftp.sra.ebi.ac.uk/vol1/fastq/ERR293/004/ERR2930824/ERR2930824_2.fastq.gz
ERR2930826	ftp.sra.ebi.ac.uk/vol1/fastq/ERR293/006/ERR2930826/ERR2930826_1.fastq.gz;ftp.sra.ebi.ac.uk/vol1/fastq/ERR293/006/ERR2930826/ERR2930826_2.fastq.gz
ERR2930829	ftp.sra.ebi.ac.uk/vol1/fastq/ERR293/009/ERR2930829/ERR2930829_1.fastq.gz;ftp.sra.ebi.ac.uk/vol1/fastq/ERR293/009/ERR2930829/ERR2930829_2.fastq.gz
ERR2930831	ftp.sra.ebi.ac.uk/vol1/fastq/ERR293/001/ERR2930831/ERR2930831_1.fastq.gz;ftp.sra.ebi.ac.uk/vol1/fastq/ERR293/001/ERR2930831/ERR2930831_2.fastq.gz
ERR2930832	ftp.sra.ebi.ac.uk/vol1/fastq/ERR293/002/ERR2930832/ERR2930832_1.fastq.gz;ftp.sra.ebi.ac.uk/vol1/fastq/ERR293/002/ERR2930832/ERR2930832_2.fastq.gz
ERR2930834	ftp.sra.ebi.ac.uk/vol1/fastq/ERR293/004/ERR2930834/ERR2930834_1.fastq.gz;ftp.sra.ebi.ac.uk/vol1/fastq/ERR293/004/ERR2930834/ERR2930834_2.fastq.gz
ERR2930837	ftp.sra.ebi.ac.uk/vol1/fastq/ERR293/007/ERR2930837/ERR2930837_1.fastq.gz;ftp.sra.ebi.ac.uk/vol1/fastq/ERR293/007/ERR2930837/ERR2930837_2.fastq.gz
ERR2930840	ftp.sra.ebi.ac.uk/vol1/fastq/ERR293/000/ERR2930840/ERR2930840_1.fastq.gz;ftp.sra.ebi.ac.uk/vol1/fastq/ERR293/000/ERR2930840/ERR2930840_2.fastq.gz
ERR2930849	ftp.sra.ebi.ac.uk/vol1/fastq/ERR293/009/ERR2930849/ERR2930849_1.fastq.gz;ftp.sra.ebi.ac.uk/vol1/fastq/ERR293/009/ERR2930849/ERR2930849_2.fastq.gz
ERR2930852	ftp.sra.ebi.ac.uk/vol1/fastq/ERR293/002/ERR2930852/ERR2930852_1.fastq.gz;ftp.sra.ebi.ac.uk/vol1/fastq/ERR293/002/ERR2930852/ERR2930852_2.fastq.gz
ERR2930862	ftp.sra.ebi.ac.uk/vol1/fastq/ERR293/002/ERR2930862/ERR2930862_1.fastq.gz;ftp.sra.ebi.ac.uk/vol1/fastq/ERR293/002/ERR2930862/ERR2930862_2.fastq.gz
ERR2930863	ftp.sra.ebi.ac.uk/vol1/fastq/ERR293/003/ERR2930863/ERR2930863_1.fastq.gz;ftp.sra.ebi.ac.uk/vol1/fastq/ERR293/003/ERR2930863/ERR2930863_2.fastq.gz
ERR2930864	ftp.sra.ebi.ac.uk/vol1/fastq/ERR293/004/ERR2930864/ERR2930864_1.fastq.gz;ftp.sra.ebi.ac.uk/vol1/fastq/ERR293/004/ERR2930864/ERR2930864_2.fastq.gz
ERR2930873	ftp.sra.ebi.ac.uk/vol1/fastq/ERR293/003/ERR2930873/ERR2930873_1.fastq.gz;ftp.sra.ebi.ac.uk/vol1/fastq/ERR293/003/ERR2930873/ERR2930873_2.fastq.gz
ERR2930877	ftp.sra.ebi.ac.uk/vol1/fastq/ERR293/007/ERR2930877/ERR2930877_1.fastq.gz;ftp.sra.ebi.ac.uk/vol1/fastq/ERR293/007/ERR2930877/ERR2930877_2.fastq.gz
