source,native,name,p_value,significant,description,term_size,query_size,intersection_size,effective_domain_size,precision,recall,query,parents
GO:MF,GO:0004672,protein kinase activity,3.6400566746053466e-28,True,"""Catalysis of the phosphorylation of an amino acid residue in a protein, usually according to the reaction: a protein + ATP = a phosphoprotein + ADP."" [PMID:25399640]",1626,1610,265,19993,0.16459627329192547,0.16297662976629768,query_1,"['GO:0016301', 'GO:0016773', 'GO:0140096']"
GO:BP,GO:0006468,protein phosphorylation,3.088585051958309e-26,True,"""The process of introducing a phosphate group on to a protein."" [GOC:hb]",1610,1264,264,15075,0.2088607594936709,0.1639751552795031,query_1,"['GO:0016310', 'GO:0036211']"
GO:MF,GO:0016773,"phosphotransferase activity, alcohol group as acceptor",1.2017049660429244e-24,True,"""Catalysis of the transfer of a phosphorus-containing group from one compound (donor) to an alcohol group (acceptor)."" [EC:2.7.1.-]",1764,1610,271,19993,0.16832298136645962,0.1536281179138322,query_1,['GO:0016772']
GO:MF,GO:0016301,kinase activity,1.0148643205581082e-23,True,"""Catalysis of the transfer of a phosphate group, usually from ATP, to a substrate molecule."" [ISBN:0198506732]",1834,1610,276,19993,0.17142857142857143,0.1504907306434024,query_1,['GO:0016772']
GO:BP,GO:0016310,phosphorylation,2.465141493050979e-23,True,"""The process of introducing a phosphate group into a molecule, usually with the formation of a phosphoric ester, a phosphoric anhydride or a phosphoric amide."" [ISBN:0198506732]",1723,1264,269,15075,0.21281645569620253,0.15612304120719675,query_1,['GO:0006796']
GO:MF,GO:0016772,"transferase activity, transferring phosphorus-containing groups",7.11680866979255e-22,True,"""Catalysis of the transfer of a phosphorus-containing group from one compound (donor) to another (acceptor)."" [EC:2.7.-.-]",1988,1610,287,19993,0.1782608695652174,0.1443661971830986,query_1,['GO:0016740']
GO:MF,GO:0004674,protein serine/threonine kinase activity,5.200419175894595e-21,True,"""Catalysis of the reactions: ATP + protein serine = ADP + protein serine phosphate, and ATP + protein threonine = ADP + protein threonine phosphate."" [EC:2.7.11.-, GOC:bf, PMID:2956925]",602,1610,125,19993,0.07763975155279502,0.20764119601328904,query_1,['GO:0004672']
GO:MF,GO:0016740,transferase activity,4.4654853905589577e-20,True,"""Catalysis of the transfer of a group, e.g. a methyl group, glycosyl group, acyl group, phosphorus-containing, or other groups, from one compound (generally regarded as the donor) to another compound (generally regarded as the acceptor). Transferase is the systematic name for any enzyme of EC class 2."" [EC:2.-.-.-]",4100,1610,488,19993,0.3031055900621118,0.11902439024390243,query_1,['GO:0003824']
GO:MF,GO:0043168,anion binding,3.3688342270078353e-16,True,"""Binding to an anion, a charged atom or group of atoms with a net negative charge."" [GOC:jl]",3895,1610,453,19993,0.2813664596273292,0.11630295250320924,query_1,['GO:0043167']
GO:BP,GO:0006796,phosphate-containing compound metabolic process,6.409208926139953e-15,True,"""The chemical reactions and pathways involving the phosphate group, the anion or salt of any phosphoric acid."" [GOC:ai]",2405,1264,314,15075,0.24841772151898733,0.13056133056133057,query_1,['GO:0006793']
GO:BP,GO:0006793,phosphorus metabolic process,6.409208926139953e-15,True,"""The chemical reactions and pathways involving the nonmetallic element phosphorus or compounds that contain phosphorus."" [GOC:ai]",2405,1264,314,15075,0.24841772151898733,0.13056133056133057,query_1,['GO:0008152']
GO:MF,GO:0032559,adenyl ribonucleotide binding,1.0262775514148578e-14,True,"""Binding to an adenyl ribonucleotide, any compound consisting of adenosine esterified with (ortho)phosphate or an oligophosphate at any hydroxyl group on the ribose moiety."" [GOC:mah]",3203,1610,382,19993,0.2372670807453416,0.11926319075866375,query_1,"['GO:0030554', 'GO:0032555']"
GO:BP,GO:0036211,protein modification process,1.0583342230713938e-14,True,"""The covalent alteration of one or more amino acids occurring in proteins, peptides and nascent polypeptides (co-translational, post-translational modifications). Includes the modification of charged tRNAs that are destined to occur in a protein (pre-translation modification)."" [GOC:bf, GOC:jl]",2284,1264,301,15075,0.23813291139240506,0.1317863397548161,query_1,"['GO:0019538', 'GO:0043412']"
GO:MF,GO:0140096,"catalytic activity, acting on a protein",4.1561833340583905e-14,True,"""Catalytic activity that acts to modify a protein."" [GOC:molecular_function_refactoring, GOC:pdt]",3040,1610,364,19993,0.22608695652173913,0.11973684210526316,query_1,['GO:0003824']
GO:MF,GO:0030554,adenyl nucleotide binding,5.408320153689231e-14,True,"""Binding to an adenyl nucleotide, an adenosine esterified with (ortho)phosphate."" [ISBN:0198506732]",3385,1610,396,19993,0.24596273291925466,0.11698670605612999,query_1,['GO:0017076']
GO:MF,GO:1901363,heterocyclic compound binding,9.633647959337242e-14,True,"""Binding to heterocyclic compound."" [GOC:TermGenie]",3938,1610,446,19993,0.27701863354037265,0.11325545962417471,query_1,['GO:0036094']
GO:MF,GO:0000166,nucleotide binding,1.7287392822175478e-13,True,"""Binding to a nucleotide, any compound consisting of a nucleoside that is esterified with (ortho)phosphate or an oligophosphate at any hydroxyl group on the ribose or deoxyribose."" [GOC:mah, ISBN:0198547684]",3809,1610,433,19993,0.268944099378882,0.11367813074297715,query_1,"['GO:1901265', 'GO:1901363']"
GO:MF,GO:1901265,nucleoside phosphate binding,2.2726576246958332e-13,True,"""Binding to nucleoside phosphate."" [GOC:TermGenie]",3815,1610,433,19993,0.268944099378882,0.11349934469200525,query_1,['GO:0005488']
GO:MF,GO:0032553,ribonucleotide binding,6.375698409758245e-13,True,"""Binding to a ribonucleotide, any compound consisting of a ribonucleoside that is esterified with (ortho)phosphate or an oligophosphate at any hydroxyl group on the ribose moiety."" [GOC:mah]",3458,1610,398,19993,0.24720496894409938,0.11509543088490456,query_1,"['GO:0000166', 'GO:0097367']"
GO:MF,GO:0032555,purine ribonucleotide binding,8.09116797248422e-13,True,"""Binding to a purine ribonucleotide, any compound consisting of a purine ribonucleoside that is esterified with (ortho)phosphate or an oligophosphate at any hydroxyl group on the ribose moiety."" [GOC:mah]",3420,1610,394,19993,0.24472049689440994,0.1152046783625731,query_1,"['GO:0017076', 'GO:0032553']"
GO:MF,GO:0097367,carbohydrate derivative binding,1.0247904974029413e-12,True,"""Binding to a carbohydrate derivative."" [GOC:pr]",3479,1610,399,19993,0.24782608695652175,0.11468812877263582,query_1,['GO:0005488']
GO:MF,GO:0005524,ATP binding,1.1448745369421488e-12,True,"""Binding to ATP, adenosine 5'-triphosphate, a universally important coenzyme and enzyme regulator."" [ISBN:0198506732]",2947,1610,349,19993,0.21677018633540374,0.11842551747539871,query_1,"['GO:0032559', 'GO:0035639']"
GO:MF,GO:0017076,purine nucleotide binding,3.4101649671475592e-12,True,"""Binding to a purine nucleotide, a compound consisting of a purine nucleoside esterified with (ortho)phosphate."" [GOC:ai]",3603,1610,408,19993,0.253416149068323,0.11323896752706078,query_1,['GO:0000166']
GO:MF,GO:0035639,purine ribonucleoside triphosphate binding,7.61723146284283e-11,True,"""Binding to a purine ribonucleoside triphosphate, a compound consisting of a purine base linked to a ribose sugar esterified with triphosphate on the sugar."" [GOC:BHF, GOC:ebc, ISBN:0198506732]",3164,1610,361,19993,0.22422360248447204,0.1140960809102402,query_1,"['GO:0043168', 'GO:1901265', 'GO:1901363']"
GO:MF,GO:0003824,catalytic activity,2.0954190256195102e-10,True,"""Catalysis of a biochemical reaction at physiological temperatures. In biologically catalyzed reactions, the reactants are known as substrates, and the catalysts are naturally occurring macromolecular substances known as enzymes. Enzymes possess specific binding sites for substrates, and are usually composed wholly or largely of protein, but RNA that has catalytic activity (ribozyme) is often also regarded as enzymatic."" [GOC:vw, ISBN:0198506732]",10069,1610,947,19993,0.5881987577639751,0.09405104777038435,query_1,['GO:0003674']
GO:MF,GO:0043167,ion binding,2.643669874779363e-10,True,"""Binding to an ion, a charged atoms or groups of atoms."" [GOC:jl]",6443,1610,648,19993,0.40248447204968946,0.10057426664597237,query_1,['GO:0036094']
GO:BP,GO:0009607,response to biotic stimulus,3.873089459418094e-09,True,"""Any process that results in a change in state or activity of a cell or an organism (in terms of movement, secretion, enzyme production, gene expression, etc.) as a result of a biotic stimulus, a stimulus caused or produced by a living organism."" [GOC:hb]",493,1264,88,15075,0.06962025316455696,0.17849898580121704,query_1,['GO:0050896']
GO:BP,GO:0050896,response to stimulus,8.91257552902202e-09,True,"""Any process that results in a change in state or activity of a cell or an organism (in terms of movement, secretion, enzyme production, gene expression, etc.) as a result of a stimulus. The process begins with detection of the stimulus and ends with a change in state or activity or the cell or organism."" [GOC:ai, GOC:bf]",3119,1264,357,15075,0.2824367088607595,0.11445976274446938,query_1,['GO:0008150']
GO:MF,GO:0036094,small molecule binding,1.5081169920865807e-08,True,"""Binding to a small molecule, any low molecular weight, monomeric, non-encoded molecule."" [GOC:curators, GOC:pde, GOC:pm]",6702,1610,659,19993,0.4093167701863354,0.09832885705759475,query_1,['GO:0005488']
GO:BP,GO:0044419,biological process involved in interspecies interaction between organisms,1.550778192651834e-08,True,"""Any process evolved to enable an interaction with an organism of a different species."" [GOC:cc]",481,1264,85,15075,0.06724683544303797,0.17671517671517672,query_1,['GO:0008150']
GO:BP,GO:0051707,response to other organism,2.81690347126515e-08,True,"""Any process that results in a change in state or activity of a cell or an organism (in terms of movement, secretion, enzyme production, gene expression, etc.) as a result of a stimulus from another living organism."" [GOC:ai]",462,1264,82,15075,0.06487341772151899,0.1774891774891775,query_1,"['GO:0043207', 'GO:0044419']"
GO:BP,GO:0043207,response to external biotic stimulus,2.81690347126515e-08,True,"""Any process that results in a change in state or activity of a cell or an organism (in terms of movement, secretion, enzyme production, gene expression, etc.) as a result of an external biotic stimulus, an external stimulus caused by, or produced by living things."" [GOC:go_curators]",462,1264,82,15075,0.06487341772151899,0.1774891774891775,query_1,"['GO:0009605', 'GO:0009607']"
GO:BP,GO:0006952,defense response,4.619078007895093e-08,True,"""Reactions, triggered in response to the presence of a foreign body or the occurrence of an injury, which result in restriction of damage to the organism attacked or prevention/recovery from the infection caused by the attack."" [GOC:go_curators]",872,1264,129,15075,0.10205696202531646,0.14793577981651376,query_1,['GO:0006950']
GO:BP,GO:0009605,response to external stimulus,6.490266432513368e-08,True,"""Any process that results in a change in state or activity of a cell or an organism (in terms of movement, secretion, enzyme production, gene expression, etc.) as a result of an external stimulus."" [GOC:hb]",519,1264,88,15075,0.06962025316455696,0.16955684007707128,query_1,['GO:0050896']
GO:BP,GO:0043412,macromolecule modification,9.002142533425368e-08,True,"""The covalent alteration of one or more monomeric units in a polypeptide, polynucleotide, polysaccharide, or other biological macromolecule, resulting in a change in its properties."" [GOC:go_curators]",2654,1264,308,15075,0.24367088607594936,0.11605124340617935,query_1,['GO:0043170']
GO:CC,GO:0016020,membrane,3.830930750114099e-06,True,"""A lipid bilayer along with all the proteins and protein complexes embedded in it and attached to it."" [GOC:dos, GOC:mah, ISBN:0815316194]",4124,872,446,9724,0.5114678899082569,0.1081474296799224,query_1,['GO:0110165']
GO:CC,GO:0005886,plasma membrane,4.651898482694526e-06,True,"""The membrane surrounding a cell that separates the cell from its external environment. It consists of a phospholipid bilayer and associated proteins."" [ISBN:0716731363]",732,872,109,9724,0.125,0.1489071038251366,query_1,"['GO:0016020', 'GO:0071944']"
GO:MF,GO:0046527,glucosyltransferase activity,1.188517479401536e-05,True,"""Catalysis of the transfer of a glucosyl group to an acceptor molecule, typically another carbohydrate or a lipid."" [ISBN:0198506732]",139,1610,32,19993,0.01987577639751553,0.2302158273381295,query_1,['GO:0016758']
GO:BP,GO:0050832,defense response to fungus,6.738796767876533e-05,True,"""Reactions triggered in response to the presence of a fungus that act to protect the cell or organism."" [GOC:ai]",112,1264,28,15075,0.022151898734177215,0.25,query_1,"['GO:0006952', 'GO:0009620']"
GO:MF,GO:0106310,protein serine kinase activity,7.258835374524129e-05,True,"""Catalysis of the reactions: ATP + protein serine = ADP + protein serine phosphate."" [RHEA:17989]",121,1610,28,19993,0.017391304347826087,0.23140495867768596,query_1,['GO:0004672']
GO:MF,GO:0030247,polysaccharide binding,0.00014356878368925323,True,"""Binding to a polysaccharide, a polymer of many (typically more than 10) monosaccharide residues linked glycosidically."" [GOC:mah]",169,1610,34,19993,0.02111801242236025,0.20118343195266272,query_1,['GO:0030246']
GO:BP,GO:0009620,response to fungus,0.0001489858882193939,True,"""Any process that results in a change in state or activity of a cell or an organism (in terms of movement, secretion, enzyme production, gene expression, etc.) as a result of a stimulus from a fungus."" [GOC:hb]",116,1264,28,15075,0.022151898734177215,0.2413793103448276,query_1,['GO:0051707']
GO:MF,GO:0035251,UDP-glucosyltransferase activity,0.00020692064910675666,True,"""Catalysis of the transfer of a glucosyl group from UDP-glucose to an acceptor molecule."" [PMID:19858195]",99,1610,24,19993,0.014906832298136646,0.24242424242424243,query_1,"['GO:0008194', 'GO:0046527']"
GO:BP,GO:0046777,protein autophosphorylation,0.00021699499973597066,True,"""The phosphorylation by a protein of one or more of its own amino acid residues (cis-autophosphorylation), or residues on an identical protein (trans-autophosphorylation)."" [ISBN:0198506732]",45,1264,16,15075,0.012658227848101266,0.35555555555555557,query_1,['GO:0006468']
GO:MF,GO:0019199,transmembrane receptor protein kinase activity,0.0002981545302150748,True,"""Combining with a signal and transmitting the signal from one side of the membrane to the other to initiate a change in cell activity by catalysis of the reaction: a protein + ATP = a phosphoprotein + ADP."" [GOC:mah]",62,1610,18,19993,0.011180124223602485,0.2903225806451613,query_1,"['GO:0004672', 'GO:0004888']"
GO:CC,GO:0071944,cell periphery,0.0005508153926192474,True,"""The broad region around and including the plasma membrane of a cell, encompassing the cell cortex (inside the cell), the plasma membrane, and any external encapsulating structures."" [GOC:pdt]",1019,872,132,9724,0.15137614678899083,0.1295387634936212,query_1,['GO:0110165']
GO:BP,GO:0019538,protein metabolic process,0.0006382684160293994,True,"""The chemical reactions and pathways involving a protein. Includes protein modification."" [GOC:ma]",3558,1264,369,15075,0.29193037974683544,0.10370994940978077,query_1,"['GO:0043170', 'GO:0044238']"
GO:BP,GO:0007154,cell communication,0.000905262006463076,True,"""Any process that mediates interactions between a cell and its surroundings. Encompasses interactions such as signaling or attachment between one cell and another cell, between a cell and an extracellular matrix, or between a cell and any other aspect of its environment."" [GOC:mah]",822,1264,108,15075,0.08544303797468354,0.13138686131386862,query_1,['GO:0009987']
GO:MF,GO:0016758,hexosyltransferase activity,0.0010480160318494457,True,"""Catalysis of the transfer of a hexosyl group from one compound (donor) to another (acceptor)."" [EC:2.4.1.-]",301,1610,48,19993,0.02981366459627329,0.15946843853820597,query_1,['GO:0016757']
GO:BP,GO:0007165,signal transduction,0.0012221829508068242,True,"""The cellular process in which a signal is conveyed to trigger a change in the activity or state of a cell. Signal transduction begins with reception of a signal (e.g. a ligand binding to a receptor or receptor activation by a stimulus such as light), or for signal transduction in the absence of ligand, signal-withdrawal or the activity of a constitutively active receptor. Signal transduction ends with regulation of a downstream cellular process, e.g. regulation of transcription or regulation of a metabolic process. Signal transduction covers signaling from receptors located on the surface of the cell and signaling via molecules located within the cell. For signaling between cells, signal transduction is restricted to events at and within the receiving cell."" [GOC:go_curators, GOC:mtg_signaling_feb11]",808,1264,106,15075,0.08386075949367089,0.1311881188118812,query_1,"['GO:0007154', 'GO:0009987', 'GO:0023052', 'GO:0050794', 'GO:0051716']"
GO:MF,GO:0004888,transmembrane signaling receptor activity,0.0016135151091990854,True,"""Combining with an extracellular or intracellular signal and transmitting the signal from one side of the membrane to the other to initiate a change in cell activity or state as part of signal transduction."" [GOC:go_curators, Wikipedia:Transmembrane_receptor]",69,1610,18,19993,0.011180124223602485,0.2608695652173913,query_1,['GO:0038023']
GO:BP,GO:0023052,signaling,0.0017232493662192757,True,"""The entirety of a process in which information is transmitted within a biological system. This process begins with an active signal and ends when a cellular response has been triggered."" [GOC:mtg_signal, GOC:mtg_signaling_feb11, GOC:signaling]",814,1264,106,15075,0.08386075949367089,0.13022113022113022,query_1,['GO:0050789']
GO:MF,GO:0005509,calcium ion binding,0.002225163905208677,True,"""Binding to a calcium ion (Ca2+)."" [GOC:ai]",327,1610,50,19993,0.031055900621118012,0.1529051987767584,query_1,['GO:0046872']
GO:MF,GO:0016701,"oxidoreductase activity, acting on single donors with incorporation of molecular oxygen",0.003326434143003988,True,"""Catalysis of an oxidation-reduction (redox) reaction in which hydrogen or electrons are transferred from one donor, and molecular oxygen is incorporated into a donor."" [EC:1.13.-.-]",47,1610,14,19993,0.008695652173913044,0.2978723404255319,query_1,['GO:0016491']
GO:BP,GO:0009063,amino acid catabolic process,0.003898095539326783,True,"""The chemical reactions and pathways resulting in the breakdown of amino acids, organic acids containing one or more amino substituents."" [GOC:ai]",43,1264,14,15075,0.011075949367088608,0.32558139534883723,query_1,"['GO:0006520', 'GO:0009056']"
GO:MF,GO:0016702,"oxidoreductase activity, acting on single donors with incorporation of molecular oxygen, incorporation of two atoms of oxygen",0.004275484343155028,True,"""Catalysis of an oxidation-reduction (redox) reaction in which hydrogen or electrons are transferred from one donor, and two oxygen atoms is incorporated into a donor."" [GOC:mah]",42,1610,13,19993,0.008074534161490683,0.30952380952380953,query_1,"['GO:0016701', 'GO:0051213']"
GO:BP,GO:0170040,proteinogenic amino acid catabolic process,0.004509761121850888,True,"""The chemical reactions and pathways resulting in the breakdown of any amino acid that is incorporated into protein naturally by ribosomal translation of mRNA, and that has a specific codon for translation from mRNA to protein."" [GOC:ew]",38,1264,13,15075,0.010284810126582278,0.34210526315789475,query_1,"['GO:0046395', 'GO:0170039']"
GO:MF,GO:0038023,signaling receptor activity,0.005125497251561499,True,"""Receiving a signal and transmitting it in the cell to initiate a change in cell activity. A signal is a physical entity or change in state that is used to transfer information in order to trigger a response."" [GOC:bf, GOC:signaling]",133,1610,26,19993,0.016149068322981366,0.19548872180451127,query_1,['GO:0060089']
GO:BP,GO:0170035,L-amino acid catabolic process,0.007049872839792628,True,"""The chemical reactions and pathways resulting in the breakdown of an L-amino acid."" [GOC:edw]",34,1264,12,15075,0.00949367088607595,0.35294117647058826,query_1,"['GO:0170033', 'GO:1901606']"
GO:BP,GO:1901606,alpha-amino acid catabolic process,0.008550924070998268,True,"""The chemical reactions and pathways resulting in the breakdown of an alpha-amino acid."" [GOC:TermGenie]",40,1264,13,15075,0.010284810126582278,0.325,query_1,"['GO:0009063', 'GO:0046395', 'GO:1901605']"
GO:BP,GO:0098542,defense response to other organism,0.009981194269242011,True,"""Reactions triggered in response to the presence of another organism that act to protect the cell or organism from damage caused by that organism."" [GOC:dos]",98,1264,22,15075,0.01740506329113924,0.22448979591836735,query_1,"['GO:0006952', 'GO:0051707']"
GO:MF,GO:0008289,lipid binding,0.010982385210001975,True,"""Binding to a lipid."" [GOC:ai]",239,1610,38,19993,0.02360248447204969,0.1589958158995816,query_1,['GO:0005488']
GO:BP,GO:0007166,cell surface receptor signaling pathway,0.011746742215967977,True,"""The series of molecular signals initiated by an extracellular ligand binding to a receptor located on the cell surface. The pathway ends with regulation of a downstream cellular process, e.g. transcription."" [GOC:signaling]",174,1264,32,15075,0.02531645569620253,0.1839080459770115,query_1,['GO:0007165']
GO:MF,GO:0016757,glycosyltransferase activity,0.01958641415835757,True,"""Catalysis of the transfer of a glycosyl group from one compound (donor) to another (acceptor)."" [GOC:jl, ISBN:0198506732]",666,1610,82,19993,0.05093167701863354,0.12312312312312312,query_1,['GO:0016740']
GO:MF,GO:0051213,dioxygenase activity,0.0200327157960245,True,"""Catalysis of the incorporation of both atoms of molecular oxygen (O2) into the substrate."" [PMID:1444267]",82,1610,18,19993,0.011180124223602485,0.21951219512195122,query_1,['GO:0016491']
GO:MF,GO:0060089,molecular transducer activity,0.02333991682507741,True,"""A compound molecular function in which an effector function is controlled by one or more regulatory components."" [GOC:dos, GOC:pdt]",153,1610,27,19993,0.016770186335403725,0.17647058823529413,query_1,['GO:0003674']
GO:BP,GO:0042546,cell wall biogenesis,0.025702637518186668,True,"""A cellular process that results in the biosynthesis of constituent macromolecules, assembly, and arrangement of constituent parts of a cell wall. Includes biosynthesis of constituent macromolecules, such as proteins and polysaccharides, and those macromolecular modifications that are involved in synthesis or assembly of the cellular component. A cell wall is the rigid or semi-rigid envelope lying outside the cell membrane of plant, fungal and most prokaryotic cells, maintaining their shape and protecting them from osmotic lysis."" [GOC:jl, GOC:mah, GOC:mtg_sensu, ISBN:0198506732]",126,1264,25,15075,0.01977848101265823,0.1984126984126984,query_1,"['GO:0044085', 'GO:0071554']"
GO:BP,GO:0009698,phenylpropanoid metabolic process,0.028011866035997608,True,"""The chemical reactions and pathways involving aromatic derivatives of trans-cinnamic acid."" [GOC:jl]",90,1264,20,15075,0.015822784810126583,0.2222222222222222,query_1,['GO:0019748']
GO:BP,GO:0016054,organic acid catabolic process,0.03143088709739741,True,"""The chemical reactions and pathways resulting in the breakdown of organic acids, any acidic compound containing carbon in covalent linkage."" [ISBN:0198506732]",70,1264,17,15075,0.013449367088607595,0.24285714285714285,query_1,"['GO:0006082', 'GO:0044282']"
GO:BP,GO:0046395,carboxylic acid catabolic process,0.03143088709739741,True,"""The chemical reactions and pathways resulting in the breakdown of carboxylic acids, any organic acid containing one or more carboxyl (-COOH) groups."" [ISBN:0198506732]",70,1264,17,15075,0.013449367088607595,0.24285714285714285,query_1,"['GO:0016054', 'GO:0019752']"
GO:BP,GO:0009617,response to bacterium,0.039030317153053926,True,"""Any process that results in a change in state or activity of a cell or an organism (in terms of movement, secretion, enzyme production, gene expression, etc.) as a result of a stimulus from a bacterium."" [GOC:hb]",92,1264,20,15075,0.015822784810126583,0.21739130434782608,query_1,['GO:0051707']
GO:MF,GO:0008194,UDP-glycosyltransferase activity,0.047747040229902775,True,"""Catalysis of the transfer of a glycosyl group from a UDP-sugar to a small hydrophobic molecule."" [PMID:11846783]",339,1610,47,19993,0.029192546583850933,0.13864306784660768,query_1,['GO:0016757']
