run_accession	sample_accession	sample_title	sample_alias	library_name	description	tissue_type	scientific_name
ERR2930755	SAMEA5131639	Cold_FT67_P_2	Sample_B_100	unspecified	Illumina HiSeq 2500 paired end sequencing		Hordeum vulgare subsp. vulgare
ERR2930762	SAMEA5131670	FT11_H_4	Sample_B_107	unspecified	Illumina HiSeq 2500 paired end sequencing		Hordeum vulgare subsp. vulgare
ERR2930766	SAMEA5131698	HOR1969_H_3	Sample_B_111	unspecified	Illumina HiSeq 2500 paired end sequencing		Hordeum vulgare subsp. vulgare
ERR2930767	SAMEA5131599	Cold_Barke_H_1	Sample_B_112	unspecified	Illumina HiSeq 2500 paired end sequencing		Hordeum vulgare subsp. vulgare
ERR2930770	SAMEA5131675	FT279_H_1	Sample_B_115	unspecified	Illumina HiSeq 2500 paired end sequencing		Hordeum vulgare subsp. vulgare
ERR2930775	SAMEA5131588	Barke_P_1	Sample_B_012	unspecified	Illumina HiSeq 2500 paired end sequencing		Hordeum vulgare subsp. vulgare
ERR2930784	SAMEA5131602	Cold_Barke_P_3	Sample_B_128	unspecified	Illumina HiSeq 2500 paired end sequencing		Hordeum vulgare subsp. vulgare
ERR2930788	SAMEA5131656	Cold_Igri_P_3	Sample_B_015	unspecified	Illumina HiSeq 2500 paired end sequencing		Hordeum vulgare subsp. vulgare
ERR2930789	SAMEA5131653	Cold_Igri_H_5	Sample_B_016	unspecified	Illumina HiSeq 2500 paired end sequencing		Hordeum vulgare subsp. vulgare
ERR2930790	SAMEA5131615	Cold_FT11_H_4	Sample_B_017	unspecified	Illumina HiSeq 2500 paired end sequencing		Hordeum vulgare subsp. vulgare
ERR2930792	SAMEA5131608	Cold_BCC131_P_1	Sample_B_019	unspecified	Illumina HiSeq 2500 paired end sequencing		Hordeum vulgare subsp. vulgare
ERR2930794	SAMEA5131701	HOR1969_P_2	Sample_B_020	unspecified	Illumina HiSeq 2500 paired end sequencing		Hordeum vulgare subsp. vulgare
ERR2930799	SAMEA5131625	Cold_FT279_P_3	Sample_B_025	unspecified	Illumina HiSeq 2500 paired end sequencing		Hordeum vulgare subsp. vulgare
ERR2930802	SAMEA5131707	Igri_H_4	Sample_B_028	unspecified	Illumina HiSeq 2500 paired end sequencing		Hordeum vulgare subsp. vulgare
ERR2930803	SAMEA5131634	Cold_FT581_P_4	Sample_B_029	unspecified	Illumina HiSeq 2500 paired end sequencing		Hordeum vulgare subsp. vulgare
ERR2930805	SAMEA5131714	Morex_P_3	Sample_B_030	unspecified	Illumina HiSeq 2500 paired end sequencing		Hordeum vulgare subsp. vulgare
ERR2930813	SAMEA5131684	FT581_H_3	Sample_B_038	unspecified	Illumina HiSeq 2500 paired end sequencing		Hordeum vulgare subsp. vulgare
ERR2930814	SAMEA5131613	Cold_FT11_H_2	Sample_B_039	unspecified	Illumina HiSeq 2500 paired end sequencing		Hordeum vulgare subsp. vulgare
ERR2930815	SAMEA5131623	Cold_FT279_P_1	Sample_B_004	unspecified	Illumina HiSeq 2500 paired end sequencing		Hordeum vulgare subsp. vulgare
ERR2930816	SAMEA5131705	Igri_H_2	Sample_B_040	unspecified	Illumina HiSeq 2500 paired end sequencing		Hordeum vulgare subsp. vulgare
ERR2930818	SAMEA5131716	Morex38_noDNase	Sample_B_042	unspecified	Illumina HiSeq 2500 paired end sequencing		Hordeum vulgare subsp. vulgare
ERR2930819	SAMEA5131694	FT67_P_3	Sample_B_043	unspecified	Illumina HiSeq 2500 paired end sequencing		Hordeum vulgare subsp. vulgare
ERR2930823	SAMEA5131712	Morex_P_1	Sample_B_047	unspecified	Illumina HiSeq 2500 paired end sequencing		Hordeum vulgare subsp. vulgare
ERR2930825	SAMEA5131711	Igri_P_4	Sample_B_049	unspecified	Illumina HiSeq 2500 paired end sequencing		Hordeum vulgare subsp. vulgare
ERR2930835	SAMEA5131631	Cold_FT581_P_1	Sample_B_058	unspecified	Illumina HiSeq 2500 paired end sequencing		Hordeum vulgare subsp. vulgare
ERR2930839	SAMEA5131596	BCC131_P_2	Sample_B_061	unspecified	Illumina HiSeq 2500 paired end sequencing		Hordeum vulgare subsp. vulgare
ERR2930841	SAMEA5131673	FT11_P_3	Sample_B_063	unspecified	Illumina HiSeq 2500 paired end sequencing		Hordeum vulgare subsp. vulgare
ERR2930843	SAMEA5131593	BCC131_H_3	Sample_B_065	unspecified	Illumina HiSeq 2500 paired end sequencing		Hordeum vulgare subsp. vulgare
ERR2930844	SAMEA5131659	Cold_Morex_P_2	Sample_B_066	unspecified	Illumina HiSeq 2500 paired end sequencing		Hordeum vulgare subsp. vulgare
ERR2930846	SAMEA5131640	Cold_FT67_P_3	Sample_B_068	unspecified	Illumina HiSeq 2500 paired end sequencing		Hordeum vulgare subsp. vulgare
ERR2930847	SAMEA5131699	HOR1969_H_4	Sample_B_069	unspecified	Illumina HiSeq 2500 paired end sequencing		Hordeum vulgare subsp. vulgare
ERR2930851	SAMEA5131624	Cold_FT279_P_2	Sample_B_072	unspecified	Illumina HiSeq 2500 paired end sequencing		Hordeum vulgare subsp. vulgare
ERR2930853	SAMEA5131646	Cold_HOR1969_H_5	Sample_B_074	unspecified	Illumina HiSeq 2500 paired end sequencing		Hordeum vulgare subsp. vulgare
ERR2930855	SAMEA5131620	Cold_FT279_H_2	Sample_B_076	unspecified	Illumina HiSeq 2500 paired end sequencing		Hordeum vulgare subsp. vulgare
ERR2930856	SAMEA5131677	FT279_H_3	Sample_B_077	unspecified	Illumina HiSeq 2500 paired end sequencing		Hordeum vulgare subsp. vulgare
ERR2930858	SAMEA5131678	FT279_H_4	Sample_B_079	unspecified	Illumina HiSeq 2500 paired end sequencing		Hordeum vulgare subsp. vulgare
ERR2930859	SAMEA5131632	Cold_FT581_P_2	Sample_B_008	unspecified	Illumina HiSeq 2500 paired end sequencing		Hordeum vulgare subsp. vulgare
ERR2930861	SAMEA5131693	FT67_P_2	Sample_B_081	unspecified	Illumina HiSeq 2500 paired end sequencing		Hordeum vulgare subsp. vulgare
ERR2930865	SAMEA5131700	HOR1969_P_1	Sample_B_085	unspecified	Illumina HiSeq 2500 paired end sequencing		Hordeum vulgare subsp. vulgare
ERR2930866	SAMEA5131635	Cold_FT67_H_1	Sample_B_086	unspecified	Illumina HiSeq 2500 paired end sequencing		Hordeum vulgare subsp. vulgare
ERR2930867	SAMEA5131710	Igri_P_3	Sample_B_087	unspecified	Illumina HiSeq 2500 paired end sequencing		Hordeum vulgare subsp. vulgare
ERR2930868	SAMEA5131606	Cold_BCC131_H_3	Sample_B_088	unspecified	Illumina HiSeq 2500 paired end sequencing		Hordeum vulgare subsp. vulgare
ERR2930869	SAMEA5131594	BCC131_H_4	Sample_B_089	unspecified	Illumina HiSeq 2500 paired end sequencing		Hordeum vulgare subsp. vulgare
ERR2930870	SAMEA5131717	Morex68_noDNase	Sample_B_009	unspecified	Illumina HiSeq 2500 paired end sequencing		Hordeum vulgare subsp. vulgare
ERR2930871	SAMEA5131621	Cold_FT279_H_3	Sample_B_090	unspecified	Illumina HiSeq 2500 paired end sequencing		Hordeum vulgare subsp. vulgare
ERR2930872	SAMEA5131713	Morex_P_2	Sample_B_091	unspecified	Illumina HiSeq 2500 paired end sequencing		Hordeum vulgare subsp. vulgare
ERR2930874	SAMEA5131688	FT581_P_3	Sample_B_093	unspecified	Illumina HiSeq 2500 paired end sequencing		Hordeum vulgare subsp. vulgare
ERR2930879	SAMEA5131612	Cold_FT11_H_1	Sample_B_098	unspecified	Illumina HiSeq 2500 paired end sequencing		Hordeum vulgare subsp. vulgare
ERR2930754	SAMEA5131595	BCC131_P_1	Sample_B_001	unspecified	Illumina HiSeq 2500 paired end sequencing		Hordeum vulgare subsp. vulgare
ERR2930757	SAMEA5131660	Cold_Morex_P_3	Sample_B_102	unspecified	Illumina HiSeq 2500 paired end sequencing		Hordeum vulgare subsp. vulgare
ERR2930761	SAMEA5131622	Cold_FT279_H_4	Sample_B_106	unspecified	Illumina HiSeq 2500 paired end sequencing		Hordeum vulgare subsp. vulgare
ERR2930769	SAMEA5131637	Cold_FT67_H_3	Sample_B_114	unspecified	Illumina HiSeq 2500 paired end sequencing		Hordeum vulgare subsp. vulgare
ERR2930772	SAMEA5131591	BCC131_H_1	Sample_B_117	unspecified	Illumina HiSeq 2500 paired end sequencing		Hordeum vulgare subsp. vulgare
ERR2930773	SAMEA5131650	Cold_HOR1969_P_4	Sample_B_118	unspecified	Illumina HiSeq 2500 paired end sequencing		Hordeum vulgare subsp. vulgare
ERR2930774	SAMEA5131704	Igri_H_1	Sample_B_119	unspecified	Illumina HiSeq 2500 paired end sequencing		Hordeum vulgare subsp. vulgare
ERR2930777	SAMEA5131667	FT11_H_1	Sample_B_121	unspecified	Illumina HiSeq 2500 paired end sequencing		Hordeum vulgare subsp. vulgare
ERR2930778	SAMEA5131641	Cold_FT67_P_4	Sample_B_122	unspecified	Illumina HiSeq 2500 paired end sequencing		Hordeum vulgare subsp. vulgare
ERR2930779	SAMEA5131680	FT279_P_2	Sample_B_123	unspecified	Illumina HiSeq 2500 paired end sequencing		Hordeum vulgare subsp. vulgare
ERR2930783	SAMEA5131690	FT67_H_2	Sample_B_127	unspecified	Illumina HiSeq 2500 paired end sequencing		Hordeum vulgare subsp. vulgare
ERR2930786	SAMEA5131651	Cold_Igri_H_1	Sample_B_013	unspecified	Illumina HiSeq 2500 paired end sequencing		Hordeum vulgare subsp. vulgare
ERR2930793	SAMEA5131647	Cold_HOR1969_P_1	Sample_B_002	unspecified	Illumina HiSeq 2500 paired end sequencing		Hordeum vulgare subsp. vulgare
ERR2930795	SAMEA5131658	Cold_Morex_P_1	Sample_B_021	unspecified	Illumina HiSeq 2500 paired end sequencing		Hordeum vulgare subsp. vulgare
ERR2930796	SAMEA5131679	FT279_P_1	Sample_B_022	unspecified	Illumina HiSeq 2500 paired end sequencing		Hordeum vulgare subsp. vulgare
ERR2930797	SAMEA5131706	Igri_H_3	Sample_B_023	unspecified	Illumina HiSeq 2500 paired end sequencing		Hordeum vulgare subsp. vulgare
ERR2930798	SAMEA5131681	FT279_P_3	Sample_B_024	unspecified	Illumina HiSeq 2500 paired end sequencing		Hordeum vulgare subsp. vulgare
ERR2930800	SAMEA5131590	Barke_P_3	Sample_B_026	unspecified	Illumina HiSeq 2500 paired end sequencing		Hordeum vulgare subsp. vulgare
ERR2930801	SAMEA5131597	BCC131_P_3	Sample_B_027	unspecified	Illumina HiSeq 2500 paired end sequencing		Hordeum vulgare subsp. vulgare
ERR2930804	SAMEA5131686	FT581_P_1	Sample_B_003	unspecified	Illumina HiSeq 2500 paired end sequencing		Hordeum vulgare subsp. vulgare
ERR2930807	SAMEA5131697	HOR1969_H_2	Sample_B_032	unspecified	Illumina HiSeq 2500 paired end sequencing		Hordeum vulgare subsp. vulgare
ERR2930808	SAMEA5131629	Cold_FT581_H_3	Sample_B_033	unspecified	Illumina HiSeq 2500 paired end sequencing		Hordeum vulgare subsp. vulgare
ERR2930810	SAMEA5131657	Cold_Igri_P_4	Sample_B_035	unspecified	Illumina HiSeq 2500 paired end sequencing		Hordeum vulgare subsp. vulgare
ERR2930811	SAMEA5131703	HOR1969_P_4	Sample_B_036	unspecified	Illumina HiSeq 2500 paired end sequencing		Hordeum vulgare subsp. vulgare
ERR2930824	SAMEA5131626	Cold_FT279_P_4	Sample_B_048	unspecified	Illumina HiSeq 2500 paired end sequencing		Hordeum vulgare subsp. vulgare
ERR2930826	SAMEA5131696	HOR1969_H_1	Sample_B_005	unspecified	Illumina HiSeq 2500 paired end sequencing		Hordeum vulgare subsp. vulgare
ERR2930829	SAMEA5131638	Cold_FT67_P_1	Sample_B_052	unspecified	Illumina HiSeq 2500 paired end sequencing		Hordeum vulgare subsp. vulgare
ERR2930831	SAMEA5131610	Cold_BCC131_P_3	Sample_B_054	unspecified	Illumina HiSeq 2500 paired end sequencing		Hordeum vulgare subsp. vulgare
ERR2930832	SAMEA5131682	FT279_P_4	Sample_B_055	unspecified	Illumina HiSeq 2500 paired end sequencing		Hordeum vulgare subsp. vulgare
ERR2930834	SAMEA5131674	FT11_P_4	Sample_B_057	unspecified	Illumina HiSeq 2500 paired end sequencing		Hordeum vulgare subsp. vulgare
ERR2930837	SAMEA5131619	Cold_FT279_H_1	Sample_B_006	unspecified	Illumina HiSeq 2500 paired end sequencing		Hordeum vulgare subsp. vulgare
ERR2930840	SAMEA5131648	Cold_HOR1969_P_2	Sample_B_062	unspecified	Illumina HiSeq 2500 paired end sequencing		Hordeum vulgare subsp. vulgare
ERR2930849	SAMEA5131636	Cold_FT67_H_2	Sample_B_070	unspecified	Illumina HiSeq 2500 paired end sequencing		Hordeum vulgare subsp. vulgare
ERR2930852	SAMEA5131702	HOR1969_P_3	Sample_B_073	unspecified	Illumina HiSeq 2500 paired end sequencing		Hordeum vulgare subsp. vulgare
ERR2930862	SAMEA5131609	Cold_BCC131_P_2	Sample_B_082	unspecified	Illumina HiSeq 2500 paired end sequencing		Hordeum vulgare subsp. vulgare
ERR2930863	SAMEA5131683	FT581_H_2	Sample_B_083	unspecified	Illumina HiSeq 2500 paired end sequencing		Hordeum vulgare subsp. vulgare
ERR2930864	SAMEA5131633	Cold_FT581_P_3	Sample_B_084	unspecified	Illumina HiSeq 2500 paired end sequencing		Hordeum vulgare subsp. vulgare
ERR2930873	SAMEA5131601	Cold_Barke_P_2	Sample_B_092	unspecified	Illumina HiSeq 2500 paired end sequencing		Hordeum vulgare subsp. vulgare
ERR2930877	SAMEA5131604	Cold_BCC131_H_1	Sample_B_096	unspecified	Illumina HiSeq 2500 paired end sequencing		Hordeum vulgare subsp. vulgare
ERR2930756	SAMEA5131687	FT581_P_2	Sample_B_101	unspecified	Illumina HiSeq 2500 paired end sequencing		Hordeum vulgare subsp. vulgare
ERR2930758	SAMEA5131695	FT67_P_4	Sample_B_103	unspecified	Illumina HiSeq 2500 paired end sequencing		Hordeum vulgare subsp. vulgare
ERR2930759	SAMEA5131645	Cold_HOR1969_H_4	Sample_B_104	unspecified	Illumina HiSeq 2500 paired end sequencing		Hordeum vulgare subsp. vulgare
ERR2930760	SAMEA5131587	Barke_H_2	Sample_B_105	unspecified	Illumina HiSeq 2500 paired end sequencing		Hordeum vulgare subsp. vulgare
ERR2930763	SAMEA5131652	Cold_Igri_H_3	Sample_B_108	unspecified	Illumina HiSeq 2500 paired end sequencing		Hordeum vulgare subsp. vulgare
ERR2930764	SAMEA5131669	FT11_H_3	Sample_B_109	unspecified	Illumina HiSeq 2500 paired end sequencing		Hordeum vulgare subsp. vulgare
ERR2930765	SAMEA5131607	Cold_BCC131_H_4	Sample_B_110	unspecified	Illumina HiSeq 2500 paired end sequencing		Hordeum vulgare subsp. vulgare
ERR2930768	SAMEA5131708	Igri_H_5	Sample_B_113	unspecified	Illumina HiSeq 2500 paired end sequencing		Hordeum vulgare subsp. vulgare
ERR2930771	SAMEA5131630	Cold_FT581_H_4	Sample_B_116	unspecified	Illumina HiSeq 2500 paired end sequencing		Hordeum vulgare subsp. vulgare
ERR2930776	SAMEA5131618	Cold_FT11_P_4	Sample_B_120	unspecified	Illumina HiSeq 2500 paired end sequencing		Hordeum vulgare subsp. vulgare
ERR2930780	SAMEA5131616	Cold_FT11_P_1	Sample_B_124	unspecified	Illumina HiSeq 2500 paired end sequencing		Hordeum vulgare subsp. vulgare
ERR2930781	SAMEA5131589	Barke_P_2	Sample_B_125	unspecified	Illumina HiSeq 2500 paired end sequencing		Hordeum vulgare subsp. vulgare
ERR2930782	SAMEA5131600	Cold_Barke_P_1	Sample_B_126	unspecified	Illumina HiSeq 2500 paired end sequencing		Hordeum vulgare subsp. vulgare
ERR2930785	SAMEA5131617	Cold_FT11_P_3	Sample_B_129	unspecified	Illumina HiSeq 2500 paired end sequencing		Hordeum vulgare subsp. vulgare
ERR2930787	SAMEA5131715	Morex121_noDNase	Sample_B_130	unspecified	Illumina HiSeq 2500 paired end sequencing		Hordeum vulgare subsp. vulgare
ERR2930791	SAMEA5131627	Cold_FT279_P_5	Sample_B_018	unspecified	Illumina HiSeq 2500 paired end sequencing		Hordeum vulgare subsp. vulgare
ERR2930806	SAMEA5131605	Cold_BCC131_H_2	Sample_B_031	unspecified	Illumina HiSeq 2500 paired end sequencing		Hordeum vulgare subsp. vulgare
ERR2930809	SAMEA5131586	Barke_H_1	Sample_B_034	unspecified	Illumina HiSeq 2500 paired end sequencing		Hordeum vulgare subsp. vulgare
ERR2930812	SAMEA5131644	Cold_HOR1969_H_3	Sample_B_037	unspecified	Illumina HiSeq 2500 paired end sequencing		Hordeum vulgare subsp. vulgare
ERR2930817	SAMEA5131642	Cold_HOR1969_H_1	Sample_B_041	unspecified	Illumina HiSeq 2500 paired end sequencing		Hordeum vulgare subsp. vulgare
ERR2930820	SAMEA5131649	Cold_HOR1969_P_3	Sample_B_044	unspecified	Illumina HiSeq 2500 paired end sequencing		Hordeum vulgare subsp. vulgare
ERR2930821	SAMEA5131598	BCC131_P_4	Sample_B_045	unspecified	Illumina HiSeq 2500 paired end sequencing		Hordeum vulgare subsp. vulgare
ERR2930822	SAMEA5131614	Cold_FT11_H_3	Sample_B_046	unspecified	Illumina HiSeq 2500 paired end sequencing		Hordeum vulgare subsp. vulgare
ERR2930827	SAMEA5131611	Cold_BCC131_P_4	Sample_B_050	unspecified	Illumina HiSeq 2500 paired end sequencing		Hordeum vulgare subsp. vulgare
ERR2930828	SAMEA5131685	FT581_H_4	Sample_B_051	unspecified	Illumina HiSeq 2500 paired end sequencing		Hordeum vulgare subsp. vulgare
ERR2930830	SAMEA5131668	FT11_H_2	Sample_B_053	unspecified	Illumina HiSeq 2500 paired end sequencing		Hordeum vulgare subsp. vulgare
ERR2930833	SAMEA5131603	Cold_Barke_P_4	Sample_B_056	unspecified	Illumina HiSeq 2500 paired end sequencing		Hordeum vulgare subsp. vulgare
ERR2930836	SAMEA5131692	FT67_P_1	Sample_B_059	unspecified	Illumina HiSeq 2500 paired end sequencing		Hordeum vulgare subsp. vulgare
ERR2930838	SAMEA5131654	Cold_Igri_P_1	Sample_B_060	unspecified	Illumina HiSeq 2500 paired end sequencing		Hordeum vulgare subsp. vulgare
ERR2930842	SAMEA5131628	Cold_FT581_H_2	Sample_B_064	unspecified	Illumina HiSeq 2500 paired end sequencing		Hordeum vulgare subsp. vulgare
ERR2930845	SAMEA5131691	FT67_H_3	Sample_B_067	unspecified	Illumina HiSeq 2500 paired end sequencing		Hordeum vulgare subsp. vulgare
ERR2930848	SAMEA5131672	FT11_P_2	Sample_B_007	unspecified	Illumina HiSeq 2500 paired end sequencing		Hordeum vulgare subsp. vulgare
ERR2930850	SAMEA5131709	Igri_P_2	Sample_B_071	unspecified	Illumina HiSeq 2500 paired end sequencing		Hordeum vulgare subsp. vulgare
ERR2930854	SAMEA5131592	BCC131_H_2	Sample_B_075	unspecified	Illumina HiSeq 2500 paired end sequencing		Hordeum vulgare subsp. vulgare
ERR2930857	SAMEA5131661	Cold_Morex_P_4	Sample_B_078	unspecified	Illumina HiSeq 2500 paired end sequencing		Hordeum vulgare subsp. vulgare
ERR2930860	SAMEA5131643	Cold_HOR1969_H_2	Sample_B_080	unspecified	Illumina HiSeq 2500 paired end sequencing		Hordeum vulgare subsp. vulgare
ERR2930875	SAMEA5131655	Cold_Igri_P_2	Sample_B_094	unspecified	Illumina HiSeq 2500 paired end sequencing		Hordeum vulgare subsp. vulgare
ERR2930876	SAMEA5131671	FT11_P_1	Sample_B_095	unspecified	Illumina HiSeq 2500 paired end sequencing		Hordeum vulgare subsp. vulgare
ERR2930878	SAMEA5131689	FT67_H_1	Sample_B_097	unspecified	Illumina HiSeq 2500 paired end sequencing		Hordeum vulgare subsp. vulgare
ERR2930880	SAMEA5131676	FT279_H_2	Sample_B_099	unspecified	Illumina HiSeq 2500 paired end sequencing		Hordeum vulgare subsp. vulgare
