run_accession	sample_accession	scientific_name	study_title
ERR2930756	SAMEA5131687	Hordeum vulgare subsp. vulgare	These data were generated to test for allele-specific expression on a genome-wide scale. Both cis- and trans-acting factors contribute to gene expression. In diploid hybrids, both alleles experience the same nuclear environment, so trans effects will cancel out. This means that if both alleles in the hybrid are not expressed at the same level, cis-acting factors must be responsible for the imbalance. In additon to using accessions of various domestication status (wild material, landraces, as well as cultivars) we also used cold (4 degrees C) treatment as a stress (versus control temperature).
ERR2930758	SAMEA5131695	Hordeum vulgare subsp. vulgare	These data were generated to test for allele-specific expression on a genome-wide scale. Both cis- and trans-acting factors contribute to gene expression. In diploid hybrids, both alleles experience the same nuclear environment, so trans effects will cancel out. This means that if both alleles in the hybrid are not expressed at the same level, cis-acting factors must be responsible for the imbalance. In additon to using accessions of various domestication status (wild material, landraces, as well as cultivars) we also used cold (4 degrees C) treatment as a stress (versus control temperature).
ERR2930759	SAMEA5131645	Hordeum vulgare subsp. vulgare	These data were generated to test for allele-specific expression on a genome-wide scale. Both cis- and trans-acting factors contribute to gene expression. In diploid hybrids, both alleles experience the same nuclear environment, so trans effects will cancel out. This means that if both alleles in the hybrid are not expressed at the same level, cis-acting factors must be responsible for the imbalance. In additon to using accessions of various domestication status (wild material, landraces, as well as cultivars) we also used cold (4 degrees C) treatment as a stress (versus control temperature).
ERR2930760	SAMEA5131587	Hordeum vulgare subsp. vulgare	These data were generated to test for allele-specific expression on a genome-wide scale. Both cis- and trans-acting factors contribute to gene expression. In diploid hybrids, both alleles experience the same nuclear environment, so trans effects will cancel out. This means that if both alleles in the hybrid are not expressed at the same level, cis-acting factors must be responsible for the imbalance. In additon to using accessions of various domestication status (wild material, landraces, as well as cultivars) we also used cold (4 degrees C) treatment as a stress (versus control temperature).
ERR2930763	SAMEA5131652	Hordeum vulgare subsp. vulgare	These data were generated to test for allele-specific expression on a genome-wide scale. Both cis- and trans-acting factors contribute to gene expression. In diploid hybrids, both alleles experience the same nuclear environment, so trans effects will cancel out. This means that if both alleles in the hybrid are not expressed at the same level, cis-acting factors must be responsible for the imbalance. In additon to using accessions of various domestication status (wild material, landraces, as well as cultivars) we also used cold (4 degrees C) treatment as a stress (versus control temperature).
ERR2930764	SAMEA5131669	Hordeum vulgare subsp. vulgare	These data were generated to test for allele-specific expression on a genome-wide scale. Both cis- and trans-acting factors contribute to gene expression. In diploid hybrids, both alleles experience the same nuclear environment, so trans effects will cancel out. This means that if both alleles in the hybrid are not expressed at the same level, cis-acting factors must be responsible for the imbalance. In additon to using accessions of various domestication status (wild material, landraces, as well as cultivars) we also used cold (4 degrees C) treatment as a stress (versus control temperature).
ERR2930765	SAMEA5131607	Hordeum vulgare subsp. vulgare	These data were generated to test for allele-specific expression on a genome-wide scale. Both cis- and trans-acting factors contribute to gene expression. In diploid hybrids, both alleles experience the same nuclear environment, so trans effects will cancel out. This means that if both alleles in the hybrid are not expressed at the same level, cis-acting factors must be responsible for the imbalance. In additon to using accessions of various domestication status (wild material, landraces, as well as cultivars) we also used cold (4 degrees C) treatment as a stress (versus control temperature).
ERR2930768	SAMEA5131708	Hordeum vulgare subsp. vulgare	These data were generated to test for allele-specific expression on a genome-wide scale. Both cis- and trans-acting factors contribute to gene expression. In diploid hybrids, both alleles experience the same nuclear environment, so trans effects will cancel out. This means that if both alleles in the hybrid are not expressed at the same level, cis-acting factors must be responsible for the imbalance. In additon to using accessions of various domestication status (wild material, landraces, as well as cultivars) we also used cold (4 degrees C) treatment as a stress (versus control temperature).
ERR2930771	SAMEA5131630	Hordeum vulgare subsp. vulgare	These data were generated to test for allele-specific expression on a genome-wide scale. Both cis- and trans-acting factors contribute to gene expression. In diploid hybrids, both alleles experience the same nuclear environment, so trans effects will cancel out. This means that if both alleles in the hybrid are not expressed at the same level, cis-acting factors must be responsible for the imbalance. In additon to using accessions of various domestication status (wild material, landraces, as well as cultivars) we also used cold (4 degrees C) treatment as a stress (versus control temperature).
ERR2930776	SAMEA5131618	Hordeum vulgare subsp. vulgare	These data were generated to test for allele-specific expression on a genome-wide scale. Both cis- and trans-acting factors contribute to gene expression. In diploid hybrids, both alleles experience the same nuclear environment, so trans effects will cancel out. This means that if both alleles in the hybrid are not expressed at the same level, cis-acting factors must be responsible for the imbalance. In additon to using accessions of various domestication status (wild material, landraces, as well as cultivars) we also used cold (4 degrees C) treatment as a stress (versus control temperature).
ERR2930780	SAMEA5131616	Hordeum vulgare subsp. vulgare	These data were generated to test for allele-specific expression on a genome-wide scale. Both cis- and trans-acting factors contribute to gene expression. In diploid hybrids, both alleles experience the same nuclear environment, so trans effects will cancel out. This means that if both alleles in the hybrid are not expressed at the same level, cis-acting factors must be responsible for the imbalance. In additon to using accessions of various domestication status (wild material, landraces, as well as cultivars) we also used cold (4 degrees C) treatment as a stress (versus control temperature).
ERR2930781	SAMEA5131589	Hordeum vulgare subsp. vulgare	These data were generated to test for allele-specific expression on a genome-wide scale. Both cis- and trans-acting factors contribute to gene expression. In diploid hybrids, both alleles experience the same nuclear environment, so trans effects will cancel out. This means that if both alleles in the hybrid are not expressed at the same level, cis-acting factors must be responsible for the imbalance. In additon to using accessions of various domestication status (wild material, landraces, as well as cultivars) we also used cold (4 degrees C) treatment as a stress (versus control temperature).
ERR2930782	SAMEA5131600	Hordeum vulgare subsp. vulgare	These data were generated to test for allele-specific expression on a genome-wide scale. Both cis- and trans-acting factors contribute to gene expression. In diploid hybrids, both alleles experience the same nuclear environment, so trans effects will cancel out. This means that if both alleles in the hybrid are not expressed at the same level, cis-acting factors must be responsible for the imbalance. In additon to using accessions of various domestication status (wild material, landraces, as well as cultivars) we also used cold (4 degrees C) treatment as a stress (versus control temperature).
ERR2930785	SAMEA5131617	Hordeum vulgare subsp. vulgare	These data were generated to test for allele-specific expression on a genome-wide scale. Both cis- and trans-acting factors contribute to gene expression. In diploid hybrids, both alleles experience the same nuclear environment, so trans effects will cancel out. This means that if both alleles in the hybrid are not expressed at the same level, cis-acting factors must be responsible for the imbalance. In additon to using accessions of various domestication status (wild material, landraces, as well as cultivars) we also used cold (4 degrees C) treatment as a stress (versus control temperature).
ERR2930787	SAMEA5131715	Hordeum vulgare subsp. vulgare	These data were generated to test for allele-specific expression on a genome-wide scale. Both cis- and trans-acting factors contribute to gene expression. In diploid hybrids, both alleles experience the same nuclear environment, so trans effects will cancel out. This means that if both alleles in the hybrid are not expressed at the same level, cis-acting factors must be responsible for the imbalance. In additon to using accessions of various domestication status (wild material, landraces, as well as cultivars) we also used cold (4 degrees C) treatment as a stress (versus control temperature).
ERR2930791	SAMEA5131627	Hordeum vulgare subsp. vulgare	These data were generated to test for allele-specific expression on a genome-wide scale. Both cis- and trans-acting factors contribute to gene expression. In diploid hybrids, both alleles experience the same nuclear environment, so trans effects will cancel out. This means that if both alleles in the hybrid are not expressed at the same level, cis-acting factors must be responsible for the imbalance. In additon to using accessions of various domestication status (wild material, landraces, as well as cultivars) we also used cold (4 degrees C) treatment as a stress (versus control temperature).
ERR2930806	SAMEA5131605	Hordeum vulgare subsp. vulgare	These data were generated to test for allele-specific expression on a genome-wide scale. Both cis- and trans-acting factors contribute to gene expression. In diploid hybrids, both alleles experience the same nuclear environment, so trans effects will cancel out. This means that if both alleles in the hybrid are not expressed at the same level, cis-acting factors must be responsible for the imbalance. In additon to using accessions of various domestication status (wild material, landraces, as well as cultivars) we also used cold (4 degrees C) treatment as a stress (versus control temperature).
ERR2930809	SAMEA5131586	Hordeum vulgare subsp. vulgare	These data were generated to test for allele-specific expression on a genome-wide scale. Both cis- and trans-acting factors contribute to gene expression. In diploid hybrids, both alleles experience the same nuclear environment, so trans effects will cancel out. This means that if both alleles in the hybrid are not expressed at the same level, cis-acting factors must be responsible for the imbalance. In additon to using accessions of various domestication status (wild material, landraces, as well as cultivars) we also used cold (4 degrees C) treatment as a stress (versus control temperature).
ERR2930812	SAMEA5131644	Hordeum vulgare subsp. vulgare	These data were generated to test for allele-specific expression on a genome-wide scale. Both cis- and trans-acting factors contribute to gene expression. In diploid hybrids, both alleles experience the same nuclear environment, so trans effects will cancel out. This means that if both alleles in the hybrid are not expressed at the same level, cis-acting factors must be responsible for the imbalance. In additon to using accessions of various domestication status (wild material, landraces, as well as cultivars) we also used cold (4 degrees C) treatment as a stress (versus control temperature).
ERR2930817	SAMEA5131642	Hordeum vulgare subsp. vulgare	These data were generated to test for allele-specific expression on a genome-wide scale. Both cis- and trans-acting factors contribute to gene expression. In diploid hybrids, both alleles experience the same nuclear environment, so trans effects will cancel out. This means that if both alleles in the hybrid are not expressed at the same level, cis-acting factors must be responsible for the imbalance. In additon to using accessions of various domestication status (wild material, landraces, as well as cultivars) we also used cold (4 degrees C) treatment as a stress (versus control temperature).
ERR2930820	SAMEA5131649	Hordeum vulgare subsp. vulgare	These data were generated to test for allele-specific expression on a genome-wide scale. Both cis- and trans-acting factors contribute to gene expression. In diploid hybrids, both alleles experience the same nuclear environment, so trans effects will cancel out. This means that if both alleles in the hybrid are not expressed at the same level, cis-acting factors must be responsible for the imbalance. In additon to using accessions of various domestication status (wild material, landraces, as well as cultivars) we also used cold (4 degrees C) treatment as a stress (versus control temperature).
ERR2930821	SAMEA5131598	Hordeum vulgare subsp. vulgare	These data were generated to test for allele-specific expression on a genome-wide scale. Both cis- and trans-acting factors contribute to gene expression. In diploid hybrids, both alleles experience the same nuclear environment, so trans effects will cancel out. This means that if both alleles in the hybrid are not expressed at the same level, cis-acting factors must be responsible for the imbalance. In additon to using accessions of various domestication status (wild material, landraces, as well as cultivars) we also used cold (4 degrees C) treatment as a stress (versus control temperature).
ERR2930822	SAMEA5131614	Hordeum vulgare subsp. vulgare	These data were generated to test for allele-specific expression on a genome-wide scale. Both cis- and trans-acting factors contribute to gene expression. In diploid hybrids, both alleles experience the same nuclear environment, so trans effects will cancel out. This means that if both alleles in the hybrid are not expressed at the same level, cis-acting factors must be responsible for the imbalance. In additon to using accessions of various domestication status (wild material, landraces, as well as cultivars) we also used cold (4 degrees C) treatment as a stress (versus control temperature).
ERR2930827	SAMEA5131611	Hordeum vulgare subsp. vulgare	These data were generated to test for allele-specific expression on a genome-wide scale. Both cis- and trans-acting factors contribute to gene expression. In diploid hybrids, both alleles experience the same nuclear environment, so trans effects will cancel out. This means that if both alleles in the hybrid are not expressed at the same level, cis-acting factors must be responsible for the imbalance. In additon to using accessions of various domestication status (wild material, landraces, as well as cultivars) we also used cold (4 degrees C) treatment as a stress (versus control temperature).
ERR2930828	SAMEA5131685	Hordeum vulgare subsp. vulgare	These data were generated to test for allele-specific expression on a genome-wide scale. Both cis- and trans-acting factors contribute to gene expression. In diploid hybrids, both alleles experience the same nuclear environment, so trans effects will cancel out. This means that if both alleles in the hybrid are not expressed at the same level, cis-acting factors must be responsible for the imbalance. In additon to using accessions of various domestication status (wild material, landraces, as well as cultivars) we also used cold (4 degrees C) treatment as a stress (versus control temperature).
ERR2930830	SAMEA5131668	Hordeum vulgare subsp. vulgare	These data were generated to test for allele-specific expression on a genome-wide scale. Both cis- and trans-acting factors contribute to gene expression. In diploid hybrids, both alleles experience the same nuclear environment, so trans effects will cancel out. This means that if both alleles in the hybrid are not expressed at the same level, cis-acting factors must be responsible for the imbalance. In additon to using accessions of various domestication status (wild material, landraces, as well as cultivars) we also used cold (4 degrees C) treatment as a stress (versus control temperature).
ERR2930833	SAMEA5131603	Hordeum vulgare subsp. vulgare	These data were generated to test for allele-specific expression on a genome-wide scale. Both cis- and trans-acting factors contribute to gene expression. In diploid hybrids, both alleles experience the same nuclear environment, so trans effects will cancel out. This means that if both alleles in the hybrid are not expressed at the same level, cis-acting factors must be responsible for the imbalance. In additon to using accessions of various domestication status (wild material, landraces, as well as cultivars) we also used cold (4 degrees C) treatment as a stress (versus control temperature).
ERR2930836	SAMEA5131692	Hordeum vulgare subsp. vulgare	These data were generated to test for allele-specific expression on a genome-wide scale. Both cis- and trans-acting factors contribute to gene expression. In diploid hybrids, both alleles experience the same nuclear environment, so trans effects will cancel out. This means that if both alleles in the hybrid are not expressed at the same level, cis-acting factors must be responsible for the imbalance. In additon to using accessions of various domestication status (wild material, landraces, as well as cultivars) we also used cold (4 degrees C) treatment as a stress (versus control temperature).
ERR2930838	SAMEA5131654	Hordeum vulgare subsp. vulgare	These data were generated to test for allele-specific expression on a genome-wide scale. Both cis- and trans-acting factors contribute to gene expression. In diploid hybrids, both alleles experience the same nuclear environment, so trans effects will cancel out. This means that if both alleles in the hybrid are not expressed at the same level, cis-acting factors must be responsible for the imbalance. In additon to using accessions of various domestication status (wild material, landraces, as well as cultivars) we also used cold (4 degrees C) treatment as a stress (versus control temperature).
ERR2930842	SAMEA5131628	Hordeum vulgare subsp. vulgare	These data were generated to test for allele-specific expression on a genome-wide scale. Both cis- and trans-acting factors contribute to gene expression. In diploid hybrids, both alleles experience the same nuclear environment, so trans effects will cancel out. This means that if both alleles in the hybrid are not expressed at the same level, cis-acting factors must be responsible for the imbalance. In additon to using accessions of various domestication status (wild material, landraces, as well as cultivars) we also used cold (4 degrees C) treatment as a stress (versus control temperature).
ERR2930845	SAMEA5131691	Hordeum vulgare subsp. vulgare	These data were generated to test for allele-specific expression on a genome-wide scale. Both cis- and trans-acting factors contribute to gene expression. In diploid hybrids, both alleles experience the same nuclear environment, so trans effects will cancel out. This means that if both alleles in the hybrid are not expressed at the same level, cis-acting factors must be responsible for the imbalance. In additon to using accessions of various domestication status (wild material, landraces, as well as cultivars) we also used cold (4 degrees C) treatment as a stress (versus control temperature).
ERR2930848	SAMEA5131672	Hordeum vulgare subsp. vulgare	These data were generated to test for allele-specific expression on a genome-wide scale. Both cis- and trans-acting factors contribute to gene expression. In diploid hybrids, both alleles experience the same nuclear environment, so trans effects will cancel out. This means that if both alleles in the hybrid are not expressed at the same level, cis-acting factors must be responsible for the imbalance. In additon to using accessions of various domestication status (wild material, landraces, as well as cultivars) we also used cold (4 degrees C) treatment as a stress (versus control temperature).
ERR2930850	SAMEA5131709	Hordeum vulgare subsp. vulgare	These data were generated to test for allele-specific expression on a genome-wide scale. Both cis- and trans-acting factors contribute to gene expression. In diploid hybrids, both alleles experience the same nuclear environment, so trans effects will cancel out. This means that if both alleles in the hybrid are not expressed at the same level, cis-acting factors must be responsible for the imbalance. In additon to using accessions of various domestication status (wild material, landraces, as well as cultivars) we also used cold (4 degrees C) treatment as a stress (versus control temperature).
ERR2930854	SAMEA5131592	Hordeum vulgare subsp. vulgare	These data were generated to test for allele-specific expression on a genome-wide scale. Both cis- and trans-acting factors contribute to gene expression. In diploid hybrids, both alleles experience the same nuclear environment, so trans effects will cancel out. This means that if both alleles in the hybrid are not expressed at the same level, cis-acting factors must be responsible for the imbalance. In additon to using accessions of various domestication status (wild material, landraces, as well as cultivars) we also used cold (4 degrees C) treatment as a stress (versus control temperature).
ERR2930857	SAMEA5131661	Hordeum vulgare subsp. vulgare	These data were generated to test for allele-specific expression on a genome-wide scale. Both cis- and trans-acting factors contribute to gene expression. In diploid hybrids, both alleles experience the same nuclear environment, so trans effects will cancel out. This means that if both alleles in the hybrid are not expressed at the same level, cis-acting factors must be responsible for the imbalance. In additon to using accessions of various domestication status (wild material, landraces, as well as cultivars) we also used cold (4 degrees C) treatment as a stress (versus control temperature).
ERR2930860	SAMEA5131643	Hordeum vulgare subsp. vulgare	These data were generated to test for allele-specific expression on a genome-wide scale. Both cis- and trans-acting factors contribute to gene expression. In diploid hybrids, both alleles experience the same nuclear environment, so trans effects will cancel out. This means that if both alleles in the hybrid are not expressed at the same level, cis-acting factors must be responsible for the imbalance. In additon to using accessions of various domestication status (wild material, landraces, as well as cultivars) we also used cold (4 degrees C) treatment as a stress (versus control temperature).
ERR2930875	SAMEA5131655	Hordeum vulgare subsp. vulgare	These data were generated to test for allele-specific expression on a genome-wide scale. Both cis- and trans-acting factors contribute to gene expression. In diploid hybrids, both alleles experience the same nuclear environment, so trans effects will cancel out. This means that if both alleles in the hybrid are not expressed at the same level, cis-acting factors must be responsible for the imbalance. In additon to using accessions of various domestication status (wild material, landraces, as well as cultivars) we also used cold (4 degrees C) treatment as a stress (versus control temperature).
ERR2930876	SAMEA5131671	Hordeum vulgare subsp. vulgare	These data were generated to test for allele-specific expression on a genome-wide scale. Both cis- and trans-acting factors contribute to gene expression. In diploid hybrids, both alleles experience the same nuclear environment, so trans effects will cancel out. This means that if both alleles in the hybrid are not expressed at the same level, cis-acting factors must be responsible for the imbalance. In additon to using accessions of various domestication status (wild material, landraces, as well as cultivars) we also used cold (4 degrees C) treatment as a stress (versus control temperature).
ERR2930878	SAMEA5131689	Hordeum vulgare subsp. vulgare	These data were generated to test for allele-specific expression on a genome-wide scale. Both cis- and trans-acting factors contribute to gene expression. In diploid hybrids, both alleles experience the same nuclear environment, so trans effects will cancel out. This means that if both alleles in the hybrid are not expressed at the same level, cis-acting factors must be responsible for the imbalance. In additon to using accessions of various domestication status (wild material, landraces, as well as cultivars) we also used cold (4 degrees C) treatment as a stress (versus control temperature).
ERR2930880	SAMEA5131676	Hordeum vulgare subsp. vulgare	These data were generated to test for allele-specific expression on a genome-wide scale. Both cis- and trans-acting factors contribute to gene expression. In diploid hybrids, both alleles experience the same nuclear environment, so trans effects will cancel out. This means that if both alleles in the hybrid are not expressed at the same level, cis-acting factors must be responsible for the imbalance. In additon to using accessions of various domestication status (wild material, landraces, as well as cultivars) we also used cold (4 degrees C) treatment as a stress (versus control temperature).
ERR2930755	SAMEA5131639	Hordeum vulgare subsp. vulgare	These data were generated to test for allele-specific expression on a genome-wide scale. Both cis- and trans-acting factors contribute to gene expression. In diploid hybrids, both alleles experience the same nuclear environment, so trans effects will cancel out. This means that if both alleles in the hybrid are not expressed at the same level, cis-acting factors must be responsible for the imbalance. In additon to using accessions of various domestication status (wild material, landraces, as well as cultivars) we also used cold (4 degrees C) treatment as a stress (versus control temperature).
ERR2930762	SAMEA5131670	Hordeum vulgare subsp. vulgare	These data were generated to test for allele-specific expression on a genome-wide scale. Both cis- and trans-acting factors contribute to gene expression. In diploid hybrids, both alleles experience the same nuclear environment, so trans effects will cancel out. This means that if both alleles in the hybrid are not expressed at the same level, cis-acting factors must be responsible for the imbalance. In additon to using accessions of various domestication status (wild material, landraces, as well as cultivars) we also used cold (4 degrees C) treatment as a stress (versus control temperature).
ERR2930766	SAMEA5131698	Hordeum vulgare subsp. vulgare	These data were generated to test for allele-specific expression on a genome-wide scale. Both cis- and trans-acting factors contribute to gene expression. In diploid hybrids, both alleles experience the same nuclear environment, so trans effects will cancel out. This means that if both alleles in the hybrid are not expressed at the same level, cis-acting factors must be responsible for the imbalance. In additon to using accessions of various domestication status (wild material, landraces, as well as cultivars) we also used cold (4 degrees C) treatment as a stress (versus control temperature).
ERR2930767	SAMEA5131599	Hordeum vulgare subsp. vulgare	These data were generated to test for allele-specific expression on a genome-wide scale. Both cis- and trans-acting factors contribute to gene expression. In diploid hybrids, both alleles experience the same nuclear environment, so trans effects will cancel out. This means that if both alleles in the hybrid are not expressed at the same level, cis-acting factors must be responsible for the imbalance. In additon to using accessions of various domestication status (wild material, landraces, as well as cultivars) we also used cold (4 degrees C) treatment as a stress (versus control temperature).
ERR2930770	SAMEA5131675	Hordeum vulgare subsp. vulgare	These data were generated to test for allele-specific expression on a genome-wide scale. Both cis- and trans-acting factors contribute to gene expression. In diploid hybrids, both alleles experience the same nuclear environment, so trans effects will cancel out. This means that if both alleles in the hybrid are not expressed at the same level, cis-acting factors must be responsible for the imbalance. In additon to using accessions of various domestication status (wild material, landraces, as well as cultivars) we also used cold (4 degrees C) treatment as a stress (versus control temperature).
ERR2930775	SAMEA5131588	Hordeum vulgare subsp. vulgare	These data were generated to test for allele-specific expression on a genome-wide scale. Both cis- and trans-acting factors contribute to gene expression. In diploid hybrids, both alleles experience the same nuclear environment, so trans effects will cancel out. This means that if both alleles in the hybrid are not expressed at the same level, cis-acting factors must be responsible for the imbalance. In additon to using accessions of various domestication status (wild material, landraces, as well as cultivars) we also used cold (4 degrees C) treatment as a stress (versus control temperature).
ERR2930784	SAMEA5131602	Hordeum vulgare subsp. vulgare	These data were generated to test for allele-specific expression on a genome-wide scale. Both cis- and trans-acting factors contribute to gene expression. In diploid hybrids, both alleles experience the same nuclear environment, so trans effects will cancel out. This means that if both alleles in the hybrid are not expressed at the same level, cis-acting factors must be responsible for the imbalance. In additon to using accessions of various domestication status (wild material, landraces, as well as cultivars) we also used cold (4 degrees C) treatment as a stress (versus control temperature).
ERR2930788	SAMEA5131656	Hordeum vulgare subsp. vulgare	These data were generated to test for allele-specific expression on a genome-wide scale. Both cis- and trans-acting factors contribute to gene expression. In diploid hybrids, both alleles experience the same nuclear environment, so trans effects will cancel out. This means that if both alleles in the hybrid are not expressed at the same level, cis-acting factors must be responsible for the imbalance. In additon to using accessions of various domestication status (wild material, landraces, as well as cultivars) we also used cold (4 degrees C) treatment as a stress (versus control temperature).
ERR2930789	SAMEA5131653	Hordeum vulgare subsp. vulgare	These data were generated to test for allele-specific expression on a genome-wide scale. Both cis- and trans-acting factors contribute to gene expression. In diploid hybrids, both alleles experience the same nuclear environment, so trans effects will cancel out. This means that if both alleles in the hybrid are not expressed at the same level, cis-acting factors must be responsible for the imbalance. In additon to using accessions of various domestication status (wild material, landraces, as well as cultivars) we also used cold (4 degrees C) treatment as a stress (versus control temperature).
ERR2930790	SAMEA5131615	Hordeum vulgare subsp. vulgare	These data were generated to test for allele-specific expression on a genome-wide scale. Both cis- and trans-acting factors contribute to gene expression. In diploid hybrids, both alleles experience the same nuclear environment, so trans effects will cancel out. This means that if both alleles in the hybrid are not expressed at the same level, cis-acting factors must be responsible for the imbalance. In additon to using accessions of various domestication status (wild material, landraces, as well as cultivars) we also used cold (4 degrees C) treatment as a stress (versus control temperature).
ERR2930792	SAMEA5131608	Hordeum vulgare subsp. vulgare	These data were generated to test for allele-specific expression on a genome-wide scale. Both cis- and trans-acting factors contribute to gene expression. In diploid hybrids, both alleles experience the same nuclear environment, so trans effects will cancel out. This means that if both alleles in the hybrid are not expressed at the same level, cis-acting factors must be responsible for the imbalance. In additon to using accessions of various domestication status (wild material, landraces, as well as cultivars) we also used cold (4 degrees C) treatment as a stress (versus control temperature).
ERR2930794	SAMEA5131701	Hordeum vulgare subsp. vulgare	These data were generated to test for allele-specific expression on a genome-wide scale. Both cis- and trans-acting factors contribute to gene expression. In diploid hybrids, both alleles experience the same nuclear environment, so trans effects will cancel out. This means that if both alleles in the hybrid are not expressed at the same level, cis-acting factors must be responsible for the imbalance. In additon to using accessions of various domestication status (wild material, landraces, as well as cultivars) we also used cold (4 degrees C) treatment as a stress (versus control temperature).
ERR2930799	SAMEA5131625	Hordeum vulgare subsp. vulgare	These data were generated to test for allele-specific expression on a genome-wide scale. Both cis- and trans-acting factors contribute to gene expression. In diploid hybrids, both alleles experience the same nuclear environment, so trans effects will cancel out. This means that if both alleles in the hybrid are not expressed at the same level, cis-acting factors must be responsible for the imbalance. In additon to using accessions of various domestication status (wild material, landraces, as well as cultivars) we also used cold (4 degrees C) treatment as a stress (versus control temperature).
ERR2930802	SAMEA5131707	Hordeum vulgare subsp. vulgare	These data were generated to test for allele-specific expression on a genome-wide scale. Both cis- and trans-acting factors contribute to gene expression. In diploid hybrids, both alleles experience the same nuclear environment, so trans effects will cancel out. This means that if both alleles in the hybrid are not expressed at the same level, cis-acting factors must be responsible for the imbalance. In additon to using accessions of various domestication status (wild material, landraces, as well as cultivars) we also used cold (4 degrees C) treatment as a stress (versus control temperature).
ERR2930803	SAMEA5131634	Hordeum vulgare subsp. vulgare	These data were generated to test for allele-specific expression on a genome-wide scale. Both cis- and trans-acting factors contribute to gene expression. In diploid hybrids, both alleles experience the same nuclear environment, so trans effects will cancel out. This means that if both alleles in the hybrid are not expressed at the same level, cis-acting factors must be responsible for the imbalance. In additon to using accessions of various domestication status (wild material, landraces, as well as cultivars) we also used cold (4 degrees C) treatment as a stress (versus control temperature).
ERR2930805	SAMEA5131714	Hordeum vulgare subsp. vulgare	These data were generated to test for allele-specific expression on a genome-wide scale. Both cis- and trans-acting factors contribute to gene expression. In diploid hybrids, both alleles experience the same nuclear environment, so trans effects will cancel out. This means that if both alleles in the hybrid are not expressed at the same level, cis-acting factors must be responsible for the imbalance. In additon to using accessions of various domestication status (wild material, landraces, as well as cultivars) we also used cold (4 degrees C) treatment as a stress (versus control temperature).
ERR2930813	SAMEA5131684	Hordeum vulgare subsp. vulgare	These data were generated to test for allele-specific expression on a genome-wide scale. Both cis- and trans-acting factors contribute to gene expression. In diploid hybrids, both alleles experience the same nuclear environment, so trans effects will cancel out. This means that if both alleles in the hybrid are not expressed at the same level, cis-acting factors must be responsible for the imbalance. In additon to using accessions of various domestication status (wild material, landraces, as well as cultivars) we also used cold (4 degrees C) treatment as a stress (versus control temperature).
ERR2930814	SAMEA5131613	Hordeum vulgare subsp. vulgare	These data were generated to test for allele-specific expression on a genome-wide scale. Both cis- and trans-acting factors contribute to gene expression. In diploid hybrids, both alleles experience the same nuclear environment, so trans effects will cancel out. This means that if both alleles in the hybrid are not expressed at the same level, cis-acting factors must be responsible for the imbalance. In additon to using accessions of various domestication status (wild material, landraces, as well as cultivars) we also used cold (4 degrees C) treatment as a stress (versus control temperature).
ERR2930815	SAMEA5131623	Hordeum vulgare subsp. vulgare	These data were generated to test for allele-specific expression on a genome-wide scale. Both cis- and trans-acting factors contribute to gene expression. In diploid hybrids, both alleles experience the same nuclear environment, so trans effects will cancel out. This means that if both alleles in the hybrid are not expressed at the same level, cis-acting factors must be responsible for the imbalance. In additon to using accessions of various domestication status (wild material, landraces, as well as cultivars) we also used cold (4 degrees C) treatment as a stress (versus control temperature).
ERR2930816	SAMEA5131705	Hordeum vulgare subsp. vulgare	These data were generated to test for allele-specific expression on a genome-wide scale. Both cis- and trans-acting factors contribute to gene expression. In diploid hybrids, both alleles experience the same nuclear environment, so trans effects will cancel out. This means that if both alleles in the hybrid are not expressed at the same level, cis-acting factors must be responsible for the imbalance. In additon to using accessions of various domestication status (wild material, landraces, as well as cultivars) we also used cold (4 degrees C) treatment as a stress (versus control temperature).
ERR2930818	SAMEA5131716	Hordeum vulgare subsp. vulgare	These data were generated to test for allele-specific expression on a genome-wide scale. Both cis- and trans-acting factors contribute to gene expression. In diploid hybrids, both alleles experience the same nuclear environment, so trans effects will cancel out. This means that if both alleles in the hybrid are not expressed at the same level, cis-acting factors must be responsible for the imbalance. In additon to using accessions of various domestication status (wild material, landraces, as well as cultivars) we also used cold (4 degrees C) treatment as a stress (versus control temperature).
ERR2930819	SAMEA5131694	Hordeum vulgare subsp. vulgare	These data were generated to test for allele-specific expression on a genome-wide scale. Both cis- and trans-acting factors contribute to gene expression. In diploid hybrids, both alleles experience the same nuclear environment, so trans effects will cancel out. This means that if both alleles in the hybrid are not expressed at the same level, cis-acting factors must be responsible for the imbalance. In additon to using accessions of various domestication status (wild material, landraces, as well as cultivars) we also used cold (4 degrees C) treatment as a stress (versus control temperature).
ERR2930823	SAMEA5131712	Hordeum vulgare subsp. vulgare	These data were generated to test for allele-specific expression on a genome-wide scale. Both cis- and trans-acting factors contribute to gene expression. In diploid hybrids, both alleles experience the same nuclear environment, so trans effects will cancel out. This means that if both alleles in the hybrid are not expressed at the same level, cis-acting factors must be responsible for the imbalance. In additon to using accessions of various domestication status (wild material, landraces, as well as cultivars) we also used cold (4 degrees C) treatment as a stress (versus control temperature).
ERR2930825	SAMEA5131711	Hordeum vulgare subsp. vulgare	These data were generated to test for allele-specific expression on a genome-wide scale. Both cis- and trans-acting factors contribute to gene expression. In diploid hybrids, both alleles experience the same nuclear environment, so trans effects will cancel out. This means that if both alleles in the hybrid are not expressed at the same level, cis-acting factors must be responsible for the imbalance. In additon to using accessions of various domestication status (wild material, landraces, as well as cultivars) we also used cold (4 degrees C) treatment as a stress (versus control temperature).
ERR2930835	SAMEA5131631	Hordeum vulgare subsp. vulgare	These data were generated to test for allele-specific expression on a genome-wide scale. Both cis- and trans-acting factors contribute to gene expression. In diploid hybrids, both alleles experience the same nuclear environment, so trans effects will cancel out. This means that if both alleles in the hybrid are not expressed at the same level, cis-acting factors must be responsible for the imbalance. In additon to using accessions of various domestication status (wild material, landraces, as well as cultivars) we also used cold (4 degrees C) treatment as a stress (versus control temperature).
ERR2930839	SAMEA5131596	Hordeum vulgare subsp. vulgare	These data were generated to test for allele-specific expression on a genome-wide scale. Both cis- and trans-acting factors contribute to gene expression. In diploid hybrids, both alleles experience the same nuclear environment, so trans effects will cancel out. This means that if both alleles in the hybrid are not expressed at the same level, cis-acting factors must be responsible for the imbalance. In additon to using accessions of various domestication status (wild material, landraces, as well as cultivars) we also used cold (4 degrees C) treatment as a stress (versus control temperature).
ERR2930841	SAMEA5131673	Hordeum vulgare subsp. vulgare	These data were generated to test for allele-specific expression on a genome-wide scale. Both cis- and trans-acting factors contribute to gene expression. In diploid hybrids, both alleles experience the same nuclear environment, so trans effects will cancel out. This means that if both alleles in the hybrid are not expressed at the same level, cis-acting factors must be responsible for the imbalance. In additon to using accessions of various domestication status (wild material, landraces, as well as cultivars) we also used cold (4 degrees C) treatment as a stress (versus control temperature).
ERR2930843	SAMEA5131593	Hordeum vulgare subsp. vulgare	These data were generated to test for allele-specific expression on a genome-wide scale. Both cis- and trans-acting factors contribute to gene expression. In diploid hybrids, both alleles experience the same nuclear environment, so trans effects will cancel out. This means that if both alleles in the hybrid are not expressed at the same level, cis-acting factors must be responsible for the imbalance. In additon to using accessions of various domestication status (wild material, landraces, as well as cultivars) we also used cold (4 degrees C) treatment as a stress (versus control temperature).
ERR2930844	SAMEA5131659	Hordeum vulgare subsp. vulgare	These data were generated to test for allele-specific expression on a genome-wide scale. Both cis- and trans-acting factors contribute to gene expression. In diploid hybrids, both alleles experience the same nuclear environment, so trans effects will cancel out. This means that if both alleles in the hybrid are not expressed at the same level, cis-acting factors must be responsible for the imbalance. In additon to using accessions of various domestication status (wild material, landraces, as well as cultivars) we also used cold (4 degrees C) treatment as a stress (versus control temperature).
ERR2930846	SAMEA5131640	Hordeum vulgare subsp. vulgare	These data were generated to test for allele-specific expression on a genome-wide scale. Both cis- and trans-acting factors contribute to gene expression. In diploid hybrids, both alleles experience the same nuclear environment, so trans effects will cancel out. This means that if both alleles in the hybrid are not expressed at the same level, cis-acting factors must be responsible for the imbalance. In additon to using accessions of various domestication status (wild material, landraces, as well as cultivars) we also used cold (4 degrees C) treatment as a stress (versus control temperature).
ERR2930847	SAMEA5131699	Hordeum vulgare subsp. vulgare	These data were generated to test for allele-specific expression on a genome-wide scale. Both cis- and trans-acting factors contribute to gene expression. In diploid hybrids, both alleles experience the same nuclear environment, so trans effects will cancel out. This means that if both alleles in the hybrid are not expressed at the same level, cis-acting factors must be responsible for the imbalance. In additon to using accessions of various domestication status (wild material, landraces, as well as cultivars) we also used cold (4 degrees C) treatment as a stress (versus control temperature).
ERR2930851	SAMEA5131624	Hordeum vulgare subsp. vulgare	These data were generated to test for allele-specific expression on a genome-wide scale. Both cis- and trans-acting factors contribute to gene expression. In diploid hybrids, both alleles experience the same nuclear environment, so trans effects will cancel out. This means that if both alleles in the hybrid are not expressed at the same level, cis-acting factors must be responsible for the imbalance. In additon to using accessions of various domestication status (wild material, landraces, as well as cultivars) we also used cold (4 degrees C) treatment as a stress (versus control temperature).
ERR2930853	SAMEA5131646	Hordeum vulgare subsp. vulgare	These data were generated to test for allele-specific expression on a genome-wide scale. Both cis- and trans-acting factors contribute to gene expression. In diploid hybrids, both alleles experience the same nuclear environment, so trans effects will cancel out. This means that if both alleles in the hybrid are not expressed at the same level, cis-acting factors must be responsible for the imbalance. In additon to using accessions of various domestication status (wild material, landraces, as well as cultivars) we also used cold (4 degrees C) treatment as a stress (versus control temperature).
ERR2930855	SAMEA5131620	Hordeum vulgare subsp. vulgare	These data were generated to test for allele-specific expression on a genome-wide scale. Both cis- and trans-acting factors contribute to gene expression. In diploid hybrids, both alleles experience the same nuclear environment, so trans effects will cancel out. This means that if both alleles in the hybrid are not expressed at the same level, cis-acting factors must be responsible for the imbalance. In additon to using accessions of various domestication status (wild material, landraces, as well as cultivars) we also used cold (4 degrees C) treatment as a stress (versus control temperature).
ERR2930856	SAMEA5131677	Hordeum vulgare subsp. vulgare	These data were generated to test for allele-specific expression on a genome-wide scale. Both cis- and trans-acting factors contribute to gene expression. In diploid hybrids, both alleles experience the same nuclear environment, so trans effects will cancel out. This means that if both alleles in the hybrid are not expressed at the same level, cis-acting factors must be responsible for the imbalance. In additon to using accessions of various domestication status (wild material, landraces, as well as cultivars) we also used cold (4 degrees C) treatment as a stress (versus control temperature).
ERR2930858	SAMEA5131678	Hordeum vulgare subsp. vulgare	These data were generated to test for allele-specific expression on a genome-wide scale. Both cis- and trans-acting factors contribute to gene expression. In diploid hybrids, both alleles experience the same nuclear environment, so trans effects will cancel out. This means that if both alleles in the hybrid are not expressed at the same level, cis-acting factors must be responsible for the imbalance. In additon to using accessions of various domestication status (wild material, landraces, as well as cultivars) we also used cold (4 degrees C) treatment as a stress (versus control temperature).
ERR2930859	SAMEA5131632	Hordeum vulgare subsp. vulgare	These data were generated to test for allele-specific expression on a genome-wide scale. Both cis- and trans-acting factors contribute to gene expression. In diploid hybrids, both alleles experience the same nuclear environment, so trans effects will cancel out. This means that if both alleles in the hybrid are not expressed at the same level, cis-acting factors must be responsible for the imbalance. In additon to using accessions of various domestication status (wild material, landraces, as well as cultivars) we also used cold (4 degrees C) treatment as a stress (versus control temperature).
ERR2930861	SAMEA5131693	Hordeum vulgare subsp. vulgare	These data were generated to test for allele-specific expression on a genome-wide scale. Both cis- and trans-acting factors contribute to gene expression. In diploid hybrids, both alleles experience the same nuclear environment, so trans effects will cancel out. This means that if both alleles in the hybrid are not expressed at the same level, cis-acting factors must be responsible for the imbalance. In additon to using accessions of various domestication status (wild material, landraces, as well as cultivars) we also used cold (4 degrees C) treatment as a stress (versus control temperature).
ERR2930865	SAMEA5131700	Hordeum vulgare subsp. vulgare	These data were generated to test for allele-specific expression on a genome-wide scale. Both cis- and trans-acting factors contribute to gene expression. In diploid hybrids, both alleles experience the same nuclear environment, so trans effects will cancel out. This means that if both alleles in the hybrid are not expressed at the same level, cis-acting factors must be responsible for the imbalance. In additon to using accessions of various domestication status (wild material, landraces, as well as cultivars) we also used cold (4 degrees C) treatment as a stress (versus control temperature).
ERR2930866	SAMEA5131635	Hordeum vulgare subsp. vulgare	These data were generated to test for allele-specific expression on a genome-wide scale. Both cis- and trans-acting factors contribute to gene expression. In diploid hybrids, both alleles experience the same nuclear environment, so trans effects will cancel out. This means that if both alleles in the hybrid are not expressed at the same level, cis-acting factors must be responsible for the imbalance. In additon to using accessions of various domestication status (wild material, landraces, as well as cultivars) we also used cold (4 degrees C) treatment as a stress (versus control temperature).
ERR2930867	SAMEA5131710	Hordeum vulgare subsp. vulgare	These data were generated to test for allele-specific expression on a genome-wide scale. Both cis- and trans-acting factors contribute to gene expression. In diploid hybrids, both alleles experience the same nuclear environment, so trans effects will cancel out. This means that if both alleles in the hybrid are not expressed at the same level, cis-acting factors must be responsible for the imbalance. In additon to using accessions of various domestication status (wild material, landraces, as well as cultivars) we also used cold (4 degrees C) treatment as a stress (versus control temperature).
ERR2930868	SAMEA5131606	Hordeum vulgare subsp. vulgare	These data were generated to test for allele-specific expression on a genome-wide scale. Both cis- and trans-acting factors contribute to gene expression. In diploid hybrids, both alleles experience the same nuclear environment, so trans effects will cancel out. This means that if both alleles in the hybrid are not expressed at the same level, cis-acting factors must be responsible for the imbalance. In additon to using accessions of various domestication status (wild material, landraces, as well as cultivars) we also used cold (4 degrees C) treatment as a stress (versus control temperature).
ERR2930869	SAMEA5131594	Hordeum vulgare subsp. vulgare	These data were generated to test for allele-specific expression on a genome-wide scale. Both cis- and trans-acting factors contribute to gene expression. In diploid hybrids, both alleles experience the same nuclear environment, so trans effects will cancel out. This means that if both alleles in the hybrid are not expressed at the same level, cis-acting factors must be responsible for the imbalance. In additon to using accessions of various domestication status (wild material, landraces, as well as cultivars) we also used cold (4 degrees C) treatment as a stress (versus control temperature).
ERR2930870	SAMEA5131717	Hordeum vulgare subsp. vulgare	These data were generated to test for allele-specific expression on a genome-wide scale. Both cis- and trans-acting factors contribute to gene expression. In diploid hybrids, both alleles experience the same nuclear environment, so trans effects will cancel out. This means that if both alleles in the hybrid are not expressed at the same level, cis-acting factors must be responsible for the imbalance. In additon to using accessions of various domestication status (wild material, landraces, as well as cultivars) we also used cold (4 degrees C) treatment as a stress (versus control temperature).
ERR2930871	SAMEA5131621	Hordeum vulgare subsp. vulgare	These data were generated to test for allele-specific expression on a genome-wide scale. Both cis- and trans-acting factors contribute to gene expression. In diploid hybrids, both alleles experience the same nuclear environment, so trans effects will cancel out. This means that if both alleles in the hybrid are not expressed at the same level, cis-acting factors must be responsible for the imbalance. In additon to using accessions of various domestication status (wild material, landraces, as well as cultivars) we also used cold (4 degrees C) treatment as a stress (versus control temperature).
ERR2930872	SAMEA5131713	Hordeum vulgare subsp. vulgare	These data were generated to test for allele-specific expression on a genome-wide scale. Both cis- and trans-acting factors contribute to gene expression. In diploid hybrids, both alleles experience the same nuclear environment, so trans effects will cancel out. This means that if both alleles in the hybrid are not expressed at the same level, cis-acting factors must be responsible for the imbalance. In additon to using accessions of various domestication status (wild material, landraces, as well as cultivars) we also used cold (4 degrees C) treatment as a stress (versus control temperature).
ERR2930874	SAMEA5131688	Hordeum vulgare subsp. vulgare	These data were generated to test for allele-specific expression on a genome-wide scale. Both cis- and trans-acting factors contribute to gene expression. In diploid hybrids, both alleles experience the same nuclear environment, so trans effects will cancel out. This means that if both alleles in the hybrid are not expressed at the same level, cis-acting factors must be responsible for the imbalance. In additon to using accessions of various domestication status (wild material, landraces, as well as cultivars) we also used cold (4 degrees C) treatment as a stress (versus control temperature).
ERR2930879	SAMEA5131612	Hordeum vulgare subsp. vulgare	These data were generated to test for allele-specific expression on a genome-wide scale. Both cis- and trans-acting factors contribute to gene expression. In diploid hybrids, both alleles experience the same nuclear environment, so trans effects will cancel out. This means that if both alleles in the hybrid are not expressed at the same level, cis-acting factors must be responsible for the imbalance. In additon to using accessions of various domestication status (wild material, landraces, as well as cultivars) we also used cold (4 degrees C) treatment as a stress (versus control temperature).
ERR2930754	SAMEA5131595	Hordeum vulgare subsp. vulgare	These data were generated to test for allele-specific expression on a genome-wide scale. Both cis- and trans-acting factors contribute to gene expression. In diploid hybrids, both alleles experience the same nuclear environment, so trans effects will cancel out. This means that if both alleles in the hybrid are not expressed at the same level, cis-acting factors must be responsible for the imbalance. In additon to using accessions of various domestication status (wild material, landraces, as well as cultivars) we also used cold (4 degrees C) treatment as a stress (versus control temperature).
ERR2930757	SAMEA5131660	Hordeum vulgare subsp. vulgare	These data were generated to test for allele-specific expression on a genome-wide scale. Both cis- and trans-acting factors contribute to gene expression. In diploid hybrids, both alleles experience the same nuclear environment, so trans effects will cancel out. This means that if both alleles in the hybrid are not expressed at the same level, cis-acting factors must be responsible for the imbalance. In additon to using accessions of various domestication status (wild material, landraces, as well as cultivars) we also used cold (4 degrees C) treatment as a stress (versus control temperature).
ERR2930761	SAMEA5131622	Hordeum vulgare subsp. vulgare	These data were generated to test for allele-specific expression on a genome-wide scale. Both cis- and trans-acting factors contribute to gene expression. In diploid hybrids, both alleles experience the same nuclear environment, so trans effects will cancel out. This means that if both alleles in the hybrid are not expressed at the same level, cis-acting factors must be responsible for the imbalance. In additon to using accessions of various domestication status (wild material, landraces, as well as cultivars) we also used cold (4 degrees C) treatment as a stress (versus control temperature).
ERR2930769	SAMEA5131637	Hordeum vulgare subsp. vulgare	These data were generated to test for allele-specific expression on a genome-wide scale. Both cis- and trans-acting factors contribute to gene expression. In diploid hybrids, both alleles experience the same nuclear environment, so trans effects will cancel out. This means that if both alleles in the hybrid are not expressed at the same level, cis-acting factors must be responsible for the imbalance. In additon to using accessions of various domestication status (wild material, landraces, as well as cultivars) we also used cold (4 degrees C) treatment as a stress (versus control temperature).
ERR2930772	SAMEA5131591	Hordeum vulgare subsp. vulgare	These data were generated to test for allele-specific expression on a genome-wide scale. Both cis- and trans-acting factors contribute to gene expression. In diploid hybrids, both alleles experience the same nuclear environment, so trans effects will cancel out. This means that if both alleles in the hybrid are not expressed at the same level, cis-acting factors must be responsible for the imbalance. In additon to using accessions of various domestication status (wild material, landraces, as well as cultivars) we also used cold (4 degrees C) treatment as a stress (versus control temperature).
ERR2930773	SAMEA5131650	Hordeum vulgare subsp. vulgare	These data were generated to test for allele-specific expression on a genome-wide scale. Both cis- and trans-acting factors contribute to gene expression. In diploid hybrids, both alleles experience the same nuclear environment, so trans effects will cancel out. This means that if both alleles in the hybrid are not expressed at the same level, cis-acting factors must be responsible for the imbalance. In additon to using accessions of various domestication status (wild material, landraces, as well as cultivars) we also used cold (4 degrees C) treatment as a stress (versus control temperature).
ERR2930774	SAMEA5131704	Hordeum vulgare subsp. vulgare	These data were generated to test for allele-specific expression on a genome-wide scale. Both cis- and trans-acting factors contribute to gene expression. In diploid hybrids, both alleles experience the same nuclear environment, so trans effects will cancel out. This means that if both alleles in the hybrid are not expressed at the same level, cis-acting factors must be responsible for the imbalance. In additon to using accessions of various domestication status (wild material, landraces, as well as cultivars) we also used cold (4 degrees C) treatment as a stress (versus control temperature).
ERR2930777	SAMEA5131667	Hordeum vulgare subsp. vulgare	These data were generated to test for allele-specific expression on a genome-wide scale. Both cis- and trans-acting factors contribute to gene expression. In diploid hybrids, both alleles experience the same nuclear environment, so trans effects will cancel out. This means that if both alleles in the hybrid are not expressed at the same level, cis-acting factors must be responsible for the imbalance. In additon to using accessions of various domestication status (wild material, landraces, as well as cultivars) we also used cold (4 degrees C) treatment as a stress (versus control temperature).
ERR2930778	SAMEA5131641	Hordeum vulgare subsp. vulgare	These data were generated to test for allele-specific expression on a genome-wide scale. Both cis- and trans-acting factors contribute to gene expression. In diploid hybrids, both alleles experience the same nuclear environment, so trans effects will cancel out. This means that if both alleles in the hybrid are not expressed at the same level, cis-acting factors must be responsible for the imbalance. In additon to using accessions of various domestication status (wild material, landraces, as well as cultivars) we also used cold (4 degrees C) treatment as a stress (versus control temperature).
ERR2930779	SAMEA5131680	Hordeum vulgare subsp. vulgare	These data were generated to test for allele-specific expression on a genome-wide scale. Both cis- and trans-acting factors contribute to gene expression. In diploid hybrids, both alleles experience the same nuclear environment, so trans effects will cancel out. This means that if both alleles in the hybrid are not expressed at the same level, cis-acting factors must be responsible for the imbalance. In additon to using accessions of various domestication status (wild material, landraces, as well as cultivars) we also used cold (4 degrees C) treatment as a stress (versus control temperature).
ERR2930783	SAMEA5131690	Hordeum vulgare subsp. vulgare	These data were generated to test for allele-specific expression on a genome-wide scale. Both cis- and trans-acting factors contribute to gene expression. In diploid hybrids, both alleles experience the same nuclear environment, so trans effects will cancel out. This means that if both alleles in the hybrid are not expressed at the same level, cis-acting factors must be responsible for the imbalance. In additon to using accessions of various domestication status (wild material, landraces, as well as cultivars) we also used cold (4 degrees C) treatment as a stress (versus control temperature).
ERR2930786	SAMEA5131651	Hordeum vulgare subsp. vulgare	These data were generated to test for allele-specific expression on a genome-wide scale. Both cis- and trans-acting factors contribute to gene expression. In diploid hybrids, both alleles experience the same nuclear environment, so trans effects will cancel out. This means that if both alleles in the hybrid are not expressed at the same level, cis-acting factors must be responsible for the imbalance. In additon to using accessions of various domestication status (wild material, landraces, as well as cultivars) we also used cold (4 degrees C) treatment as a stress (versus control temperature).
ERR2930793	SAMEA5131647	Hordeum vulgare subsp. vulgare	These data were generated to test for allele-specific expression on a genome-wide scale. Both cis- and trans-acting factors contribute to gene expression. In diploid hybrids, both alleles experience the same nuclear environment, so trans effects will cancel out. This means that if both alleles in the hybrid are not expressed at the same level, cis-acting factors must be responsible for the imbalance. In additon to using accessions of various domestication status (wild material, landraces, as well as cultivars) we also used cold (4 degrees C) treatment as a stress (versus control temperature).
ERR2930795	SAMEA5131658	Hordeum vulgare subsp. vulgare	These data were generated to test for allele-specific expression on a genome-wide scale. Both cis- and trans-acting factors contribute to gene expression. In diploid hybrids, both alleles experience the same nuclear environment, so trans effects will cancel out. This means that if both alleles in the hybrid are not expressed at the same level, cis-acting factors must be responsible for the imbalance. In additon to using accessions of various domestication status (wild material, landraces, as well as cultivars) we also used cold (4 degrees C) treatment as a stress (versus control temperature).
ERR2930796	SAMEA5131679	Hordeum vulgare subsp. vulgare	These data were generated to test for allele-specific expression on a genome-wide scale. Both cis- and trans-acting factors contribute to gene expression. In diploid hybrids, both alleles experience the same nuclear environment, so trans effects will cancel out. This means that if both alleles in the hybrid are not expressed at the same level, cis-acting factors must be responsible for the imbalance. In additon to using accessions of various domestication status (wild material, landraces, as well as cultivars) we also used cold (4 degrees C) treatment as a stress (versus control temperature).
ERR2930797	SAMEA5131706	Hordeum vulgare subsp. vulgare	These data were generated to test for allele-specific expression on a genome-wide scale. Both cis- and trans-acting factors contribute to gene expression. In diploid hybrids, both alleles experience the same nuclear environment, so trans effects will cancel out. This means that if both alleles in the hybrid are not expressed at the same level, cis-acting factors must be responsible for the imbalance. In additon to using accessions of various domestication status (wild material, landraces, as well as cultivars) we also used cold (4 degrees C) treatment as a stress (versus control temperature).
ERR2930798	SAMEA5131681	Hordeum vulgare subsp. vulgare	These data were generated to test for allele-specific expression on a genome-wide scale. Both cis- and trans-acting factors contribute to gene expression. In diploid hybrids, both alleles experience the same nuclear environment, so trans effects will cancel out. This means that if both alleles in the hybrid are not expressed at the same level, cis-acting factors must be responsible for the imbalance. In additon to using accessions of various domestication status (wild material, landraces, as well as cultivars) we also used cold (4 degrees C) treatment as a stress (versus control temperature).
ERR2930800	SAMEA5131590	Hordeum vulgare subsp. vulgare	These data were generated to test for allele-specific expression on a genome-wide scale. Both cis- and trans-acting factors contribute to gene expression. In diploid hybrids, both alleles experience the same nuclear environment, so trans effects will cancel out. This means that if both alleles in the hybrid are not expressed at the same level, cis-acting factors must be responsible for the imbalance. In additon to using accessions of various domestication status (wild material, landraces, as well as cultivars) we also used cold (4 degrees C) treatment as a stress (versus control temperature).
ERR2930801	SAMEA5131597	Hordeum vulgare subsp. vulgare	These data were generated to test for allele-specific expression on a genome-wide scale. Both cis- and trans-acting factors contribute to gene expression. In diploid hybrids, both alleles experience the same nuclear environment, so trans effects will cancel out. This means that if both alleles in the hybrid are not expressed at the same level, cis-acting factors must be responsible for the imbalance. In additon to using accessions of various domestication status (wild material, landraces, as well as cultivars) we also used cold (4 degrees C) treatment as a stress (versus control temperature).
ERR2930804	SAMEA5131686	Hordeum vulgare subsp. vulgare	These data were generated to test for allele-specific expression on a genome-wide scale. Both cis- and trans-acting factors contribute to gene expression. In diploid hybrids, both alleles experience the same nuclear environment, so trans effects will cancel out. This means that if both alleles in the hybrid are not expressed at the same level, cis-acting factors must be responsible for the imbalance. In additon to using accessions of various domestication status (wild material, landraces, as well as cultivars) we also used cold (4 degrees C) treatment as a stress (versus control temperature).
ERR2930807	SAMEA5131697	Hordeum vulgare subsp. vulgare	These data were generated to test for allele-specific expression on a genome-wide scale. Both cis- and trans-acting factors contribute to gene expression. In diploid hybrids, both alleles experience the same nuclear environment, so trans effects will cancel out. This means that if both alleles in the hybrid are not expressed at the same level, cis-acting factors must be responsible for the imbalance. In additon to using accessions of various domestication status (wild material, landraces, as well as cultivars) we also used cold (4 degrees C) treatment as a stress (versus control temperature).
ERR2930808	SAMEA5131629	Hordeum vulgare subsp. vulgare	These data were generated to test for allele-specific expression on a genome-wide scale. Both cis- and trans-acting factors contribute to gene expression. In diploid hybrids, both alleles experience the same nuclear environment, so trans effects will cancel out. This means that if both alleles in the hybrid are not expressed at the same level, cis-acting factors must be responsible for the imbalance. In additon to using accessions of various domestication status (wild material, landraces, as well as cultivars) we also used cold (4 degrees C) treatment as a stress (versus control temperature).
ERR2930810	SAMEA5131657	Hordeum vulgare subsp. vulgare	These data were generated to test for allele-specific expression on a genome-wide scale. Both cis- and trans-acting factors contribute to gene expression. In diploid hybrids, both alleles experience the same nuclear environment, so trans effects will cancel out. This means that if both alleles in the hybrid are not expressed at the same level, cis-acting factors must be responsible for the imbalance. In additon to using accessions of various domestication status (wild material, landraces, as well as cultivars) we also used cold (4 degrees C) treatment as a stress (versus control temperature).
ERR2930811	SAMEA5131703	Hordeum vulgare subsp. vulgare	These data were generated to test for allele-specific expression on a genome-wide scale. Both cis- and trans-acting factors contribute to gene expression. In diploid hybrids, both alleles experience the same nuclear environment, so trans effects will cancel out. This means that if both alleles in the hybrid are not expressed at the same level, cis-acting factors must be responsible for the imbalance. In additon to using accessions of various domestication status (wild material, landraces, as well as cultivars) we also used cold (4 degrees C) treatment as a stress (versus control temperature).
ERR2930824	SAMEA5131626	Hordeum vulgare subsp. vulgare	These data were generated to test for allele-specific expression on a genome-wide scale. Both cis- and trans-acting factors contribute to gene expression. In diploid hybrids, both alleles experience the same nuclear environment, so trans effects will cancel out. This means that if both alleles in the hybrid are not expressed at the same level, cis-acting factors must be responsible for the imbalance. In additon to using accessions of various domestication status (wild material, landraces, as well as cultivars) we also used cold (4 degrees C) treatment as a stress (versus control temperature).
ERR2930826	SAMEA5131696	Hordeum vulgare subsp. vulgare	These data were generated to test for allele-specific expression on a genome-wide scale. Both cis- and trans-acting factors contribute to gene expression. In diploid hybrids, both alleles experience the same nuclear environment, so trans effects will cancel out. This means that if both alleles in the hybrid are not expressed at the same level, cis-acting factors must be responsible for the imbalance. In additon to using accessions of various domestication status (wild material, landraces, as well as cultivars) we also used cold (4 degrees C) treatment as a stress (versus control temperature).
ERR2930829	SAMEA5131638	Hordeum vulgare subsp. vulgare	These data were generated to test for allele-specific expression on a genome-wide scale. Both cis- and trans-acting factors contribute to gene expression. In diploid hybrids, both alleles experience the same nuclear environment, so trans effects will cancel out. This means that if both alleles in the hybrid are not expressed at the same level, cis-acting factors must be responsible for the imbalance. In additon to using accessions of various domestication status (wild material, landraces, as well as cultivars) we also used cold (4 degrees C) treatment as a stress (versus control temperature).
ERR2930831	SAMEA5131610	Hordeum vulgare subsp. vulgare	These data were generated to test for allele-specific expression on a genome-wide scale. Both cis- and trans-acting factors contribute to gene expression. In diploid hybrids, both alleles experience the same nuclear environment, so trans effects will cancel out. This means that if both alleles in the hybrid are not expressed at the same level, cis-acting factors must be responsible for the imbalance. In additon to using accessions of various domestication status (wild material, landraces, as well as cultivars) we also used cold (4 degrees C) treatment as a stress (versus control temperature).
ERR2930832	SAMEA5131682	Hordeum vulgare subsp. vulgare	These data were generated to test for allele-specific expression on a genome-wide scale. Both cis- and trans-acting factors contribute to gene expression. In diploid hybrids, both alleles experience the same nuclear environment, so trans effects will cancel out. This means that if both alleles in the hybrid are not expressed at the same level, cis-acting factors must be responsible for the imbalance. In additon to using accessions of various domestication status (wild material, landraces, as well as cultivars) we also used cold (4 degrees C) treatment as a stress (versus control temperature).
ERR2930834	SAMEA5131674	Hordeum vulgare subsp. vulgare	These data were generated to test for allele-specific expression on a genome-wide scale. Both cis- and trans-acting factors contribute to gene expression. In diploid hybrids, both alleles experience the same nuclear environment, so trans effects will cancel out. This means that if both alleles in the hybrid are not expressed at the same level, cis-acting factors must be responsible for the imbalance. In additon to using accessions of various domestication status (wild material, landraces, as well as cultivars) we also used cold (4 degrees C) treatment as a stress (versus control temperature).
ERR2930837	SAMEA5131619	Hordeum vulgare subsp. vulgare	These data were generated to test for allele-specific expression on a genome-wide scale. Both cis- and trans-acting factors contribute to gene expression. In diploid hybrids, both alleles experience the same nuclear environment, so trans effects will cancel out. This means that if both alleles in the hybrid are not expressed at the same level, cis-acting factors must be responsible for the imbalance. In additon to using accessions of various domestication status (wild material, landraces, as well as cultivars) we also used cold (4 degrees C) treatment as a stress (versus control temperature).
ERR2930840	SAMEA5131648	Hordeum vulgare subsp. vulgare	These data were generated to test for allele-specific expression on a genome-wide scale. Both cis- and trans-acting factors contribute to gene expression. In diploid hybrids, both alleles experience the same nuclear environment, so trans effects will cancel out. This means that if both alleles in the hybrid are not expressed at the same level, cis-acting factors must be responsible for the imbalance. In additon to using accessions of various domestication status (wild material, landraces, as well as cultivars) we also used cold (4 degrees C) treatment as a stress (versus control temperature).
ERR2930849	SAMEA5131636	Hordeum vulgare subsp. vulgare	These data were generated to test for allele-specific expression on a genome-wide scale. Both cis- and trans-acting factors contribute to gene expression. In diploid hybrids, both alleles experience the same nuclear environment, so trans effects will cancel out. This means that if both alleles in the hybrid are not expressed at the same level, cis-acting factors must be responsible for the imbalance. In additon to using accessions of various domestication status (wild material, landraces, as well as cultivars) we also used cold (4 degrees C) treatment as a stress (versus control temperature).
ERR2930852	SAMEA5131702	Hordeum vulgare subsp. vulgare	These data were generated to test for allele-specific expression on a genome-wide scale. Both cis- and trans-acting factors contribute to gene expression. In diploid hybrids, both alleles experience the same nuclear environment, so trans effects will cancel out. This means that if both alleles in the hybrid are not expressed at the same level, cis-acting factors must be responsible for the imbalance. In additon to using accessions of various domestication status (wild material, landraces, as well as cultivars) we also used cold (4 degrees C) treatment as a stress (versus control temperature).
ERR2930862	SAMEA5131609	Hordeum vulgare subsp. vulgare	These data were generated to test for allele-specific expression on a genome-wide scale. Both cis- and trans-acting factors contribute to gene expression. In diploid hybrids, both alleles experience the same nuclear environment, so trans effects will cancel out. This means that if both alleles in the hybrid are not expressed at the same level, cis-acting factors must be responsible for the imbalance. In additon to using accessions of various domestication status (wild material, landraces, as well as cultivars) we also used cold (4 degrees C) treatment as a stress (versus control temperature).
ERR2930863	SAMEA5131683	Hordeum vulgare subsp. vulgare	These data were generated to test for allele-specific expression on a genome-wide scale. Both cis- and trans-acting factors contribute to gene expression. In diploid hybrids, both alleles experience the same nuclear environment, so trans effects will cancel out. This means that if both alleles in the hybrid are not expressed at the same level, cis-acting factors must be responsible for the imbalance. In additon to using accessions of various domestication status (wild material, landraces, as well as cultivars) we also used cold (4 degrees C) treatment as a stress (versus control temperature).
ERR2930864	SAMEA5131633	Hordeum vulgare subsp. vulgare	These data were generated to test for allele-specific expression on a genome-wide scale. Both cis- and trans-acting factors contribute to gene expression. In diploid hybrids, both alleles experience the same nuclear environment, so trans effects will cancel out. This means that if both alleles in the hybrid are not expressed at the same level, cis-acting factors must be responsible for the imbalance. In additon to using accessions of various domestication status (wild material, landraces, as well as cultivars) we also used cold (4 degrees C) treatment as a stress (versus control temperature).
ERR2930873	SAMEA5131601	Hordeum vulgare subsp. vulgare	These data were generated to test for allele-specific expression on a genome-wide scale. Both cis- and trans-acting factors contribute to gene expression. In diploid hybrids, both alleles experience the same nuclear environment, so trans effects will cancel out. This means that if both alleles in the hybrid are not expressed at the same level, cis-acting factors must be responsible for the imbalance. In additon to using accessions of various domestication status (wild material, landraces, as well as cultivars) we also used cold (4 degrees C) treatment as a stress (versus control temperature).
ERR2930877	SAMEA5131604	Hordeum vulgare subsp. vulgare	These data were generated to test for allele-specific expression on a genome-wide scale. Both cis- and trans-acting factors contribute to gene expression. In diploid hybrids, both alleles experience the same nuclear environment, so trans effects will cancel out. This means that if both alleles in the hybrid are not expressed at the same level, cis-acting factors must be responsible for the imbalance. In additon to using accessions of various domestication status (wild material, landraces, as well as cultivars) we also used cold (4 degrees C) treatment as a stress (versus control temperature).
